id,true_lat,true_lon,pred_lat_gpt-4.1,pred_lon_gpt-4.1,pred_lat_gpt-4o,pred_lon_gpt-4o,pred_lat_gemini-1.5-pro,pred_lon_gemini-1.5-pro,pred_lat_gemini-2.0-flash,pred_lon_gemini-2.0-flash,pred_lat_claude-3-5-sonnet-latest,pred_lon_claude-3-5-sonnet-latest,pred_lat_claude-3-7-sonnet-latest,pred_lon_claude-3-7-sonnet-latest,pred_lat_qwen-2.5-vl-32b-instruct,pred_lon_qwen-2.5-vl-32b-instruct,pred_lat_qwen-2.5-vl-72b-instruct,pred_lon_qwen-2.5-vl-72b-instruct
104123223_7410c654ba_19_19355699@N00,-16.663606,145.563537,-12.4007,130.8906,-12.42585,130.97226,22.2958,-81.2622,-16.9218,145.7723,-12.4044,130.8415,-12.4265,130.9221,-24.6667,31.5,-12.4639,130.8442
1095548455_f636d22cbb_1277_8576809@N08,31.893581,-85.141124,29.9656,-90.0381,32.352645,-90.877882,31.5585,-91.4013,40.748817,-73.985428,33.744839,-90.724477,31.327119,-89.290611,37.2267,-93.2833,29.9465,-90.0558
1185597181_0158ab4213_1311_43616936@N00,42.346571,-71.097228,42.346676,-71.097218,42.3467,-71.0972,42.346676,-71.097218,42.34667,-71.09722,42.346228,-71.097466,42.3467,-71.0972,42.3467,-71.0972,42.3467,-71.0972
1199004207_0ce4e7a456_1285_16418049@N00,37.090924,25.370521,37.4467,25.3289,37.4475,25.3273,36.5502,26.3548,37.4455,25.3285,37.446499,25.328972,37.4467,25.3289,37.5769,25.4336,37.4167,25.3333
1257001714_3453f5fc4b_1405_11490799@N08,55.485759,28.791046,56.8596,35.9176,56.858721,35.911899,57.8188,28.3303,57.6214,39.8957,56.4147,40.4489,55.7784,37.4398,40.8067,-73.9389,40.748817,-73.985428
195179890_dfc29db44a_70_73935513@N00,-25.499066,-54.621276,-25.6953,-54.4367,-25.6953,-54.4367,-25.695278,-54.436667,-25.6966,-54.4369,-25.695259,-54.436666,-25.695259,-54.436646,-25.6941,-54.4218,-25.592786,-54.297333
212568980_fb3a00288d_71_21844368@N00,12.974449,77.562789,12.9758,77.6055,12.975823,77.607556,18.5299,73.8526,12.9801,77.6097,12.9716,77.6441,12.9784,77.6408,12.9361,77.625,18.922016,72.834722
222911552_50f2a18fde_66_56186870@N00,60.773746,-148.812046,69.7208,20.2237,69.166667,-49.833333,60.0701,6.3453,40.748817,-73.985428,64.0477,-16.178,64.0478,-16.1789,69.2222,-51.1111,40.748817,-73.985428
243683202_38f0178ce4_88_11807142@N00,37.970117,23.720426,37.9699,23.7324,37.969,23.7333,37.9664,23.7325,37.9688,23.7355,37.969722,23.732778,37.969444,23.732778,37.9769,23.7308,37.971585,23.726043
247766999_1de867ab93_96_94409333@N00,36.403107,-93.736736,40.717106,-73.958433,40.7233,-74.002998,40.7278,-73.9822,40.748817,-73.985428,53.344805,-6.267267,40.7185,-73.9565,40.748817,-73.985428,40.748817,-73.985428
251058170_ba714bfb50_87_67484939@N00,34.841334,-92.486429,33.805318,-84.147725,33.3074,-86.7522,34.5174,-93.0623,40.748817,-73.985428,36.4012,-93.7377,50.9659,14.0733,35.6,-82.5833,35.56789,-82.54321
254755691_b3bbae344e_95_79267922@N00,39.94133,116.383666,39.916344,116.397155,39.916344,116.397155,39.9163,116.3972,39.916668,116.390556,39.947602,116.416831,39.940367,116.413794,39.8961,116.4204,39.960348,116.373482
254762082_1a1b6d27d1_121_79267922@N00,39.94133,116.383666,39.9087,116.3975,39.90872,116.39747,39.904211,116.39165,39.9075,116.3917,39.909697,116.39739,39.9087,116.3976,39.9042,116.4074,39.910624,116.397128
257034510_2b7d64e610_118_26519935@N00,13.74989,100.494861,13.7516,100.4928,13.751569,100.492647,13.7517,100.4925,,,13.751389,100.492778,13.751,100.4913,13.7563,100.5018,13.7563,100.498
257176697_a302df7bec_86_41336221@N00,40.366689,49.835443,40.366667,49.835278,,,40.377627,49.845134,40.3709,49.8496,40.366664,49.83167,40.366111,49.834722,51.5167,-0.2017,40.3692,49.8544
263896481_2f807d19ee_80_74806935@N00,37.318012,-121.950309,37.790367,-122.427014,40.748817,-73.985428,42.5202,-70.9018,40.748817,-73.985428,-41.296433,174.784851,42.355518,-71.071252,40.748817,-73.985428,40.748817,-73.985428
264192767_4809b75a21_117_35468147630@N01,42.36246,-71.084353,37.543185,-77.438357,,,45.5227,-122.6819,42.3603,-71.0656,42.358162,-71.069465,42.3586,-71.0589,40.748817,-73.985428,40.748817,-73.985428
314328828_2b52ae145e_120_55852171@N00,39.996996,116.267988,39.9998,116.2755,39.992928,116.275537,39.997778,116.281667,39.994,116.282,39.999073,116.273652,39.9944,116.2678,40.0062,116.2806,40.0167,116.2833
315923188_366ee7e6cd_101_14491548@N00,51.054991,3.732089,51.054342,3.724585,51.053611,3.725278,51.0543,3.7174,51.0539,3.725,51.053399,3.724766,51.0537,3.725,51.0506,3.7173,51.2093,3.2547
317019036_3b57b5b2e9_104_56249023@N00,-47.031934,-67.259674,-49.270526,-73.048549,-49.275649,-73.048792,-49.3167,-72.8833,-49.2751,-72.9531,-49.2726,-72.8856,-49.2701,-72.986,-49.2667,-73.0667,-49.2833,-73.2667
317024157_467511cd94_107_56249023@N00,-50.358604,-72.285575,-44.0065,170.477,-43.9956,170.4634,-43.8847,170.4839,-50.3333,-72.2667,51.4167,-116.2167,-44.8514,168.3853,-45.0361,168.6681,-45.036886,168.658417
317369069_16c7477d63_134_78221228@N00,-50.462312,-73.005523,-50.4963,-73.1371,-50.4951,-73.0488,-50.480278,-73.047222,-50.4833,-73.04,-50.499167,-73.193889,-50.4967,-73.0378,-50.1667,-73.0,-49.2936,-73.0221
336999316_7fda2b00b1_142_65367662@N00,39.44017,-120.23025,39.732,-104.9618,40.3565,-105.5217,39.666944,-105.206389,40.748817,-73.985428,41.311367,-105.587845,35.7046,-106.0372,47.6062,-122.3321,40.748817,-73.985428
338553788_a32e785773_163_21535758@N00,34.987253,68.466796,34.8216,67.8273,34.826794,67.827394,37.1221,70.5777,34.8366,67.8294,28.8167,83.8667,-13.2581,-72.2636,29.6448,91.1193,-13.5653,-72.2942
338603422_520f0ce2ff_138_21535758@N00,36.884014,68.57666,30.18,71.5249,,,34.34,62.2,25.3701,68.3678,-1.492,35.2835,-1.368628,36.778259,42.2631,-93.6557,26.9225,75.8249
339483173_e48ee06639_139_63163416@N00,31.213021,29.946069,31.1974,29.902,31.2001,29.9187,31.2001,29.9187,30.0444,31.2357,36.7525,3.0492,30.0444,31.2357,34.0267,-6.8333,41.9062,12.4827
340942713_d485388d6d_152_21341800@N00,36.765291,68.812866,34.2158,62.2286,31.6289,65.7372,34.5281,69.1723,42.892,89.189,25.7285,32.6025,25.74058,32.601553,25.7472,32.6357,25.7178,32.6589
348532716_5a2b306c86_136_98767940@N00,17.129307,-89.065818,17.9706,-76.792,,,18.4755,-69.8931,18.47,-77.9075,17.9647,-76.7885,9.9333,-84.0833,9.9361,-84.0888,17.996838,-76.792511
363322243_42e6b4babe_100_26234358@N00,52.525047,13.366949,52.525083,13.369402,52.525083,13.369402,52.525592,13.369545,52.5251,13.3695,35.659484,139.703047,22.295,114.1744,40.748817,-73.985428,52.520008,13.404954
379263811_e4d22a1ba5_136_59615371@N00,34.051166,-84.285993,33.849801,-84.362129,,,33.830567,-84.349167,40.748817,-73.985428,35.307092,-80.743701,33.927464,-84.354882,33.7762,-84.3904,40.748817,-73.985428
391838246_31758bc752_139_94949650@N00,49.341342,-123.01546,47.8601,-123.9347,47.8601,-123.9354,47.8021,-124.4057,45.5489,-122.723,45.5353,-122.7157,47.6615,-122.407,47.5606,-122.3056,45.5642,-122.7502
392982444_442d787db5_143_65412829@N00,39.935276,32.852725,40.1833,29.0611,41.005409,28.976814,41.2557,32.6946,41.2512,32.6914,43.08456,25.63587,41.0297,28.949,41.0082,28.9784,41.016939,28.938358
421350511_ee899b609d_129_85417391@N00,32.242796,-111.167714,32.2426,-111.1607,32.2967,-111.166,32.2217429,-110.926479,33.4642,-111.9308,32.338375,-110.979899,33.46217,-111.943598,33.4619,-111.9167,33.3688,-112.1154
425432303_c817c468e3_166_14882112@N00,41.371961,2.166323,41.3793,2.1677,41.3803,2.1729,41.3854,2.1774,41.3842,2.1734,41.403694,2.158844,41.3797,2.1682,41.3865,2.1821,41.376882,2.168928
427188519_bcf177e48b_146_84752760@N00,41.401149,2.163276,41.3849,2.1763,41.384,2.1762,41.385064,2.173403,41.3851,2.1734,41.383889,2.176389,41.3838,2.1763,41.4036,2.1744,41.3851,2.1734
429777514_e0ba93984e_169_89418754@N00,41.403491,2.174423,41.403629,2.174356,41.403629,2.174356,41.4036299,2.1743558,41.403629,2.174355,41.403706,2.174364,41.4036,2.1744,41.4036,2.1744,41.404688,2.174418
429881745_35a951f032_187_37718182@N00,41.387627,2.188044,41.367234,2.163055,40.41526,-3.684415,37.376022,-5.984092,40.748817,-73.985428,41.440297,2.14585,41.3691,2.1661,37.3828,-5.9961,37.38683,-5.99237
432236572_f2da926f89_166_75452460@N00,47.298266,13.686389,45.6094,24.6165,45.609722,24.617778,47.2667,12.45,46.693056,12.086389,47.4429,-121.4269,46.6667,7.8833,48.6,-121.0,46.0289,7.8014
436360592_ef20eb1e98_178_99746029@N00,39.937908,116.398086,52.502666,13.445249,,,40.7527,-73.9772,40.748817,-73.985428,45.501689,-73.569366,42.3786,-83.0669,40.748817,-73.985428,40.748817,-73.985428
437613430_d1466ffcdb_178_71613077@N00,39.988497,116.184368,35.713768,139.773161,35.685176,139.710052,35.003846,135.777971,40.7812,-73.9665,35.7147,139.7713,35.0032,135.7811,35.7167,139.7667,35.714786,139.766056
453214262_2252fbefff_212_55126705@N00,35.521425,-111.372699,35.5253,-111.3747,35.576915,-111.391008,37.2674,-109.5164,34.9034,-111.8194,-20.622128,116.80087,-23.694,133.7102,35.6,-111.4167,-23.7667,133.85
453384102_723b8a8182_207_55126705@N00,34.611453,-111.841936,34.6124,-111.839,34.6114,-111.8391,34.6174,-111.7556,34.5788,-111.8372,34.6115,-111.8354,34.6115,-111.8389,37.1616,-108.5505,34.5688,-111.7569
466882217_a9c6760cc4_220_64825499@N00,12.607003,-70.055952,23.1925,-81.1449,,,12.5516,-70.0419,12.5699,-70.0458,21.795679,-72.176382,20.6101,-87.0736,28.4167,-81.5764,25.7617,-80.1918
482314949_dbc149bb10_224_50435419@N00,-34.609758,-58.411216,-34.578135,-58.416107,-34.572571,-58.4137,-34.588053,-58.404891,-34.587778,-58.394444,-34.588144,-58.402672,-34.5811,-58.4233,-34.6037,-58.4111,-34.569972,-58.409723
502172768_3a7a22811b_213_69641014@N00,42.34351,-71.033585,29.616024,-94.989609,,,42.3303,-71.0253,40.748817,-73.985428,37.806389,-122.302778,37.806389,-122.318611,39.2961,-76.6155,40.748817,-73.985428
504921450_6f20499550_194_24311489@N00,33.747894,-84.371148,38.879968,-77.069016,38.8797,-77.0729,33.9526,-84.5499,40.748817,-73.985428,39.821382,-77.231724,42.2858,-71.1142,40.6497,-73.9506,40.748817,-73.985428
508033358_5d1f3bc07a_221_8393530@N05,25.073471,-77.327785,-16.401111,145.974444,-16.2312,145.8988,-16.55,145.9833,25.730946,-80.128944,-16.05,145.87,24.5478,-81.4059,4.6833,73.2167,-16.9562,145.4839
510183020_3dec046e80_192_77392231@N00,13.724085,100.392208,35.6595,139.7004,35.6595,139.7004,35.658068,139.701636,35.6929,139.6988,35.659484,139.703245,35.659484,139.700736,40.748817,-73.985428,35.690255,139.700872
522546192_0030ad0eb1_237_61819159@N00,-14.666716,145.448513,-16.918551,145.778054,-18.2871,147.6992,4.1762,73.4731,40.748817,-73.985428,23.5176,-75.8264,4.318,73.392,-14.0667,-171.1333,40.748817,-73.985428
530405817_0673660c96_1209_7885919@N07,-34.603691,-58.381637,-34.6037389,-58.3815704,-34.6037,-58.3816,-34.595587,-58.379595,-34.603722,-58.381592,-34.603683,-58.381557,-34.603683,-58.381557,-34.603722,-58.381592,-34.603722,-58.381592
534657711_dc2aa849a8_1333_72154266@N00,-22.995414,-43.238539,-22.9881,-43.2292,-22.9896,-43.2341,-22.946771,-43.261518,-22.9949,-43.2576,-22.9889,-43.2487,-22.9886,-43.2492,-22.8667,-43.2333,-22.9694,-43.2075
580496518_4214d97599_1280_7369430@N02,30.245165,-87.733662,30.264118,-87.707636,30.256,-87.6863,30.248971,-88.174255,27.7705,-97.3822,25.8468,-80.1506,27.9659,-82.5873,29.7604,-95.3698,40.748817,-73.985428
779600060_a5f8e28de5_1184_52057668@N00,-34.940336,138.585577,-34.9155,138.6073,,,-35.115,147.367,39.7774,-86.165,51.387401,-2.366427,48.1558,11.5975,40.7766,-73.9721,40.748817,-73.985428
780091415_c803d82672_1332_88971695@N00,-25.354342,131.046295,-25.344428,131.036882,-25.3444,131.0369,-25.348414,131.036397,-25.3446,131.0369,-25.344428,131.036882,-25.344428,131.036882,-25.3444,131.0369,-25.3444,131.0369
864479182_d60c47e2ce_1045_25304693@N00,50.997714,5.40199,52.4425,13.5747,,,50.9652,5.4817,51.37,12.3245,53.0793,8.866,52.4357,13.1457,50.8544,5.6792,52.6097,13.453
872841181_2ef32acf29_1371_66281185@N00,36.057694,-112.136614,36.057944,-112.143099,36.107,-112.113,36.0575,-112.1129,36.0573,-112.1131,36.052444,-112.139972,36.0655,-112.1125,36.0556,-112.1306,40.748817,-73.985428
952602201_87da454e31_1323_19953481@N00,46.702202,12.991333,46.550278,12.147778,46.5322,12.1376,46.4574,12.2157,46.5369,12.1288,46.4847,13.7875,46.558,12.031,40.4667,-106.7833,47.2667,11.3667
970273104_48060e4acd_1207_10815666@N04,-34.602578,-58.383686,-34.6037389,-58.3815704,-34.6037389,-58.3815704,-34.603722,-58.381592,-34.6036844,-58.3815591,67.5,-34.603611,-34.603722,-58.381592,-34.6037,-58.3816,-34.603722,-58.381592
97344248_30a4521091_32_77325609@N00,41.395354,2.169113,41.39164,2.16487,41.39164,2.164853,41.391686,2.164977,41.391589,2.164047,41.391726,2.165197,41.391667,2.165,41.385063,2.173404,41.386287,2.170018
980263629_f3373fa294_1253_9729483@N02,52.504914,13.36284,52.497588,13.38886,,,52.521918,13.413215,52.5157,13.4319,51.527817,-0.128371,59.9195,10.7537,40.748817,-73.985428,40.748817,-73.985428
Ankara_00003_601190107_9f05b2251e_1292_8504005@N07,39.936592,32.8553,39.9634,32.81422,39.9441,32.857,41.065349,28.999525,38.444,27.204,55.676111,37.761944,55.888676,37.439604,45.2667,9.2833,41.066085,29.02355
Antigua_00003_483035669_21c8bdeb2d_185_61417564@N00,16.998628,-61.755861,27.085833,142.1875,-33.8922,151.2767,-31.532,159.075,21.2763,-157.8227,21.308889,-157.649722,28.535833,-16.267778,22.8657,-109.9218,21.162624,-86.800656
Arizona_00044_527647931_821085049a_1048_7412395@N07,36.065673,-112.11713,36.0594,-112.1091,36.0665,-112.0974,36.0575,-112.1431,40.748817,-73.985428,36.052,-112.1276,36.0655,-112.1125,36.0574,-112.1311,40.748817,-73.985428
Aruba_00001_99110142_a573655582_34_50517642@N00,12.532151,-70.051435,10.410235,-75.548669,10.404419,-75.551977,12.10869,-68.92812,12.5023,-70.0273,21.135378,-86.746962,13.0827,80.2107,35.6586,139.7017,13.736717,100.523164
Athens_00016_516320955_2f7c0642b4_212_36764971@N00,37.971102,23.726767,37.969958,23.732236,37.9695,23.7336,37.9666,23.7334,,,37.970833,23.733056,37.9715,23.7267,37.9762,23.726,37.971584,23.726043
Azerbaijan_00003_1293945458_c58bd8d7c4_1048_97522422@N00,40.094882,49.387664,40.4917,49.9292,40.1064,49.4156,40.29,69.633333,40.2682,49.4916,31.4546,35.3879,31.2529,34.7915,32.3667,-111.0833,30.6895,34.9486
Bahamas_00006_343059190_9c31e29446_134_39595541@N00,25.114046,-77.126255,18.4849,-77.925,-16.7451,145.67,26.5582,-78.7227,40.748817,-73.985428,-28.638333,153.635556,8.0179,98.8417,21.2867,-157.8214,18.4667,-77.9333
Bangkok_00011_215914338_705d7ea038_92_20194767@N00,9.376241,99.94091,5.909,102.7374,7.8965,98.2974,11.9517,120.2241,9.5519,100.0517,-23.3647,-44.7237,11.1814,119.3927,11.6833,120.1333,10.7667,118.7
Bangkok_00012_219604934_4e3ca563fc_83_82927779@N00,13.740614,100.489861,13.725591,100.477058,13.728101,100.487103,12.6131,102.1106,13.7621,100.4719,13.752,100.4682,13.7563,100.4826,-6.25,106.8667,13.6667,100.3333
Barcelona_00014_144658910_7517982a97_46_49503208420@N01,41.385245,2.169284,41.387019,2.170087,41.38755,2.16838,41.387041,2.169918,41.3869,2.1734,41.386389,2.170028,41.387065,2.170143,41.3865,2.1699,41.386292,2.170018
Belgium_00017_276044730_dceb8cccbc_112_12814307@N00,50.657949,5.474624,51.056373,3.649987,51.575,-0.1053,52.5167,6.0667,52.4068,4.9212,53.478,-2.9484,53.4778,-3.0492,51.7522,0.4442,53.3868,-6.1972
Bolivia_00014_1347017613_651a38b69d_1376_11786349@N08,-20.457333,-66.913604,-22.4347,-67.7584,-20.133777,-67.489134,-22.916667,-68.2,-20.476051,-66.819595,-22.9087,-67.7595,-22.9167,-68.2,-23.0667,-67.6667,-23.6452,-68.1353
Bosnia_00004_1138531814_e3579a53d8_1067_11515930@N06,43.065376,17.71202,43.124613,17.731651,43.3378,17.815,40.0838,20.1325,43.342,17.8158,43.1334,17.7248,43.337,17.815,43.3667,17.8333,43.3468,17.6597
Botswana_00001_108331635_4dccd99e9d_52_73091266@N00,-19.116137,23.827285,-19.3733,23.0481,-19.166667,23.933333,-19.083333,23.5,-19.98219,23.55656,-17.824167,25.124722,-19.146111,23.788056,-18.6847,24.6651,-19.6895,23.8547
California_00119_356125022_0a5c48aa89_139_64855637@N00,36.618184,-121.901893,36.618,-121.9016,36.6185,-121.9015,36.618677,-121.901784,36.6174,-121.8935,36.618259,-121.90194,36.618261,-121.901661,36.6083,-121.8906,36.6002,-121.8947
California_00122_361328855_6ace238cbf_134_41894169878@N01,33.441321,-118.492891,37.8334,-122.4877,37.8335,-122.4837,46.642948,-120.495836,38.5312,-121.4947,37.82888,-122.499557,32.9342,-117.2614,39.6861,-105.2402,40.748817,-73.985428
California_00147_439592027_f8ffa59be8_188_66347119@N00,33.89441,-115.829662,33.8992,-115.8497,34.5361,-117.2912,34.072117,-116.063038,34.5453,-115.7347,36.334169,-116.847839,36.131553,-115.427856,36.3891,-116.9432,40.748817,-73.985428
California_00197_718693402_4ba930995d_1150_7980350@N08,37.752614,-119.526979,37.7459,-119.5332,37.7459,-119.5331,37.73435,-119.58785,40.748817,-73.985428,37.7459,-119.5332,37.7459,-119.5332,37.7364,-119.552,40.748817,-73.985428
Cambodia_00020_401343054_b6c0b85d50_133_33463080@N00,13.372585,103.856849,13.4341,103.8898,13.412469,103.867905,13.442253,103.866977,40.748817,-73.985428,29.4036,105.8686,12.6063,80.1947,40.748817,-73.985428,25.3176,83.0173
Canada_00106_513453328_03108e034b_227_7665941@N08,49.291349,-123.127512,49.2908,-123.1233,49.289341,-123.115724,49.2877,-123.1207,49.2737,-123.1243,25.182777,121.419444,47.680813,-122.406359,47.6062,-122.3321,49.306246,-123.116226
Canada_00113_568886932_37f47747b8_1250_48264126@N00,52.202557,-117.239742,52.2207,-117.224,52.220833,-117.237778,52.1753,-117.9275,50.1307,-123.2017,52.2181,-117.2691,52.2181,-117.2269,51.4667,-117.8333,46.0254,7.9089
Chicago_00046_286428804_4fd17dde48_106_51306116@N00,41.885921,-87.622833,41.8916,-87.6079,41.8916,-87.6079,41.891723,-87.60638,41.8913,-87.6086,41.891661,-87.607879,41.891682,-87.609267,40.748817,-73.985428,-33.86882,151.209296
Chicago_00080_496345089_f5d47dea91_196_69212252@N00,41.939545,-87.639586,40.787011,-73.975368,,,40.730547,-74.002239,40.748817,-73.985428,42.373611,-71.116667,42.373611,-71.119444,40.748817,-73.985428,40.748817,-73.985428
China_00073_487137127_79fefd5305_196_8159033@N04,34.272254,108.896656,34.260367,108.94821,39.9479,116.4173,39.952578,116.436214,39.9455,116.4166,34.19846,108.937279,34.256667,108.934444,32.0367,118.7833,34.3416,108.9418
China_00092_1004463976_03bb680078_1105_91728102@N00,28.362854,121.068735,29.3268,110.5116,29.361563,110.535007,30.3151,109.4811,29.3939,110.4802,29.3255,110.4837,29.326384,110.551327,29.3667,110.4167,29.3667,110.5
Colombia_00009_487789777_0003ed5872_212_16836474@N00,-4.219137,-69.938964,30.085621,-89.900985,30.0799,-89.8819,-3.747468,-73.246321,-3.076,-60.0217,13.68913,100.666528,-2.3256,113.9061,25.7617,-80.5673,-3.1667,-60.05
Colorado_00057_1199140107_b35790beec_1001_59341685@N00,39.450311,-106.470608,40.2721,-105.5942,40.2549,-105.616,39.7569,-105.0426,40.317,-105.6719,44.2934,15.4471,60.8833,7.1667,40.0167,-105.2833,46.024545,7.794722
Connecticut_00004_364162616_48c230f9e2_116_15376845@N00,41.387237,-72.984205,42.7223,-73.8687,,,42.4337,-71.6219,40.748817,-73.985428,44.4654,-72.6874,42.4614,-71.3524,44.4667,73.2083,40.748817,-73.985428
CostaRica_00017_500118634_993d0110b5_199_78225438@N00,9.976965,-84.842176,37.936923,23.652406,37.9402,23.6465,-8.67507,115.2587,40.748817,-73.985428,20.925278,-156.696389,21.049884,-86.778034,25.7617,-80.1318,7.8614,98.3083
Croatia_00021_473963193_d9ce489f23_222_18744817@N00,44.881174,15.616722,44.8806,15.6166,44.8806,15.6167,44.8787,15.6153,44.8648,15.6145,-8.534167,119.489167,-16.7394,145.67,44.6,-110.8,36.3783,25.4172
Croatia_00029_965780821_723a75feee_1096_78247883@N00,42.640107,18.110811,40.847084,14.250712,40.8506,14.2563,40.835621,14.248838,42.640072,18.103117,42.64114,18.108246,42.64114,18.108278,40.8461,14.2588,41.886447,12.467384
Cuba_00025_699768122_15733c7a1a_1425_8078991@N04,23.121653,-81.347064,21.062314,-86.824064,21.0559,-86.7796,23.1331,-81.2868,27.3266,-82.5528,23.179991,-81.166669,10.235,124.0167,26.2048,-77.3522,23.1667,-81.3333
Cyprus_00009_504391595_088287d4f6_189_8255645@N03,34.937874,32.86663,34.916667,32.866667,,,41.1575,29.0439,40.748817,-73.985428,35.206377,139.02415,35.5655,-82.4897,40.748817,-73.985428,40.748817,-73.985428
Denmark_00009_258337247_96db5706ff_95_70402049@N00,55.684655,12.589323,50.8407,4.3556,48.8519,2.3331,45.7639,4.8322,46.2019,6.1458,41.906297,12.453399,41.906617,12.454818,41.896667,12.479444,41.902634,12.477081
Dominica_00002_479941913_0bf2cf5743_169_7687052@N07,15.574013,-61.455373,-22.447778,-42.989722,,,23.9751,121.5971,13.1408,-61.2068,21.3921,-157.7419,20.9133,-156.6917,34.4208,-119.6982,17.1667,-96.6333
DominicanRepublic_00008_528391253_78e9959702_1170_37476307@N00,18.365027,-69.020611,18.445522,-64.750456,25.0843,-77.3188,18.4282,-68.7413,25.7641,-80.1282,20.2114,-87.4295,20.1396,-87.4631,25.7617,-80.1223,23.0667,-82.3833
Ecuador_00016_1042198302_3e83aea565_1079_7132415@N03,-0.967437,-77.763977,-3.0829,-60.1382,,,1.3139,103.8158,40.7738,-74.2703,-3.119,-60.0217,-3.0083,-59.9397,40.748817,-73.985428,-3.1167,-60.0167
Egypt_00018_389284696_a6c0fa7e22_160_36948083@N00,24.032668,32.825775,24.024639,32.884075,24.0258,32.8848,24.017086,32.884516,24.0215,32.8824,24.0134,32.8832,24.0134,32.8875,24.0667,32.8833,24.066667,32.883333
Finland_00036_636777751_bedf67eb53_1348_86122102@N00,60.375722,21.391754,60.1467,19.9941,60.0973,19.9344,60.4012,25.8255,59.9191,17.6477,61.002321,14.536194,60.8178,14.9734,42.4601,-72.5128,59.8604,17.6358
Florida_00015_180339543_001a933e62_70_43935788@N00,24.938747,-80.650634,24.851322,-80.618167,24.8511,-80.6184,24.6229,-81.0692,24.624444,-81.117778,24.851389,-80.618611,24.8513,-80.6186,24.6167,-83.9833,24.645417,-82.890833
France_00057_257413141_469dcde004_96_26519935@N00,47.882045,7.226428,49.3782,10.1847,49.3783,10.1791,48.9556,9.1381,49.3785,10.1784,49.374444,10.179722,49.4558,11.0752,48.6833,9.5667,49.608886,10.839722
France_00143_633617121_9d719c65ba_1223_7591003@N03,48.575755,7.744073,48.5782,7.7446,48.585414,7.747091,48.5841,7.7013,48.6058,7.787,48.579375,7.751482,48.57815,7.75246,48.5842,7.7506,48.57341,7.752152
Germany_00063_254492987_7c8d55a3b5_99_32367657@N00,47.79858,13.0461,47.8015,13.0433,47.800914,13.043992,47.2692,11.3927,47.7993,13.0453,47.800482,13.041716,47.800583,13.041611,47.7996,13.0438,47.809626,13.054997
Ghana_00006_933699293_d03cb9ab9b_1129_72526577@N00,10.849491,-1.514739,14.4843,-4.1826,16.7759,-3.0094,13.9,-4.55,12.3458,-1.5388,13.906054,-4.553161,16.7735,-3.0074,12.6474,-8.0022,12.3616,-1.5197
Greenland_00001_384853046_34ad6e1163_159_82952591@N00,60.185232,-44.217224,70.5,-26.0,65.5739,-37.1232,65.5,-37.0,64.178889,-51.721389,60.0415,-43.1549,67.9293,13.0892,69.2,-51.0833,70.6892,-51.7278
Guangzhou_00003_986276060_2769109737_1375_70618949@N00,23.117311,113.353328,31.224361,121.414418,,,31.2222,121.4581,31.2974,121.5006,31.29764,121.503756,31.2304,121.4737,31.2304,121.5139,31.230391,121.473701
Hawaii_00072_532408762_9c4ecc305a_1200_79756109@N00,20.881077,-156.545133,20.8854,-156.5455,20.8857,-156.5353,20.8743,-156.5378,20.89879,-156.57199,20.8811,-156.5458,20.8817,-156.5483,19.4667,-155.2833,21.268995,-157.807255
HongKong_00022_295401126_95d3f505b4_116_30554981@N00,31.23893,121.485099,22.2783,114.1667,22.277222,114.165278,22.2794,114.1731,-6.2247,106.829,22.2779,114.1665,22.2799,114.1652,-6.208761,106.815422,-6.2088,106.8456
HongKong_00034_393185078_8a349f2072_169_56776080@N00,22.286713,114.152584,22.2936,114.1722,22.287111,114.191667,22.269,114.1867,22.285,114.1717,22.2814,114.1733,22.293,114.172,22.2846,114.1574,22.3267,114.1714
HongKong_00041_504492617_7af38e0004_208_7224156@N03,22.282425,114.146447,22.2849,114.1589,22.285522,114.157493,22.283289,114.15925,22.2819,114.1584,22.2793,114.1628,22.276834,114.154169,22.2846,114.1574,22.3163,114.1747
Hyderabad_00003_359871435_f5abb5524b_155_36887937@N00,17.361741,78.474558,17.361563,78.474664,17.361564,78.474664,17.361574,78.474672,17.3614,78.4746,17.3616,78.4747,17.3616,78.4747,18.9206,72.8258,17.385,78.4867
Iceland_00003_108349138_41786e87da_40_56945335@N00,63.794617,-17.720947,64.0482,-16.179,64.0486,-16.1787,64.048889,-16.179167,64.0497,-16.1783,64.0784,-16.2306,-50.4967,-73.0381,69.2481,-51.1249,63.5833,-16.25
Illinois_00010_372417850_1818b0405b_166_41315423@N00,41.215716,-88.501578,41.4362,-81.7036,40.678178,-73.944158,42.835199,-84.367325,39.7685,-86.1579,39.845447,-88.945984,40.078651,-80.668657,42.96,78.86,40.748817,-73.985428
India_00024_229287479_474ac2fb6f_79_48637819@N00,34.147612,77.571716,34.1693,77.5847,34.1664,77.5848,34.148216,77.552626,34.1707,77.5835,34.165,77.5847,34.1642,77.5859,40.6893,-111.9708,34.1567,76.5903
India_00032_291479604_013cb872ba_122_59555137@N00,27.179676,78.044042,27.175015,78.042155,27.175015,78.042155,27.175145,78.042129,27.1751,78.0421,27.175015,78.042155,27.175015,78.042155,27.1751,78.0421,27.175015,78.042106
Ireland_00007_91942412_95795b8eb9_41_11398209@N00,53.360182,-6.188049,53.3402,-6.1971,53.34396,-6.22782,53.367,-6.205,53.3305,-6.2185,53.207778,-6.183333,53.3344,-6.2167,51.1667,-3.0,53.3267,-6.2249
Ireland_00028_249916505_59bfd4d0d3_81_92123108@N00,52.141284,-10.279426,58.439,-3.091,52.139904,-10.268158,53.2707,-9.0568,52.1393,-10.2668,64.150773,-21.941144,54.6364,-8.4456,53.2667,6.1667,60.392967,5.324148
Israel_00028_511241861_3efa314a4b_219_62126383@N00,31.776938,35.23545,31.776111,35.235833,31.776667,35.235,31.777922,35.235782,31.778195,35.235967,31.776697,35.236168,31.776695,35.23617,31.7779,35.2354,31.7764,35.2361
Istanbul_00021_475022521_99f3da9240_170_69445076@N00,41.071069,28.948974,41.013056,28.984444,,,41.025547,28.924846,41.0118,28.9811,32.657375,51.678111,39.6553,66.9701,39.62,66.9833,41.016987,28.979444
Italy_00021_160108325_a88a1ef93b_53_80333007@N00,42.001664,12.62947,43.8061,11.2936,43.5853,11.3153,43.0507,12.4185,43.8844,10.7775,43.4621,11.8827,19.6761,-101.1891,42.6567,12.5674,43.8369,11.1533
Italy_00100_453717251_4f9e5ec1b7_186_79039156@N00,44.30226,9.212894,44.3031,9.2092,44.303078,9.209909,44.3005,9.2165,44.3033,9.2083,44.3031,9.2097,44.3031,9.2097,44.3964,8.8688,44.3667,9.2833
Italy_00134_844603727_96b5c1d9bc_1229_76306992@N00,43.348151,11.510925,43.057001,11.604429,43.434994,11.246162,43.4667,11.0333,43.467,11.045,43.5847,11.3201,43.0298,11.6709,43.4667,11.3333,43.6047,11.3658
Japan_00056_261461022_a16eeca101_114_60558526@N00,34.967491,137.168941,34.6828,135.8489,34.6889,135.8399,34.685833,135.832778,36.7564,139.504,36.757196,139.598999,35.7862,140.3183,35.006,135.762,35.006626,135.773756
Japan_00108_482880218_7f3a0383bc_175_8047699@N05,35.339774,139.526367,35.3167,139.5352,35.3167,139.5333,35.318567,139.529311,35.3158,139.54,35.316667,139.536667,35.316667,139.536111,35.3606,139.5683,35.316389,139.323889
Kenya_00017_1061753413_0861543f7e_1267_17351226@N00,-1.293015,36.815357,-1.373333,36.858889,-1.373333,36.856944,-4.25,39.3833,-1.327,36.814,-24.350833,31.000278,-1.368628,36.816096,-1.2921,36.8219,-25.3632,31.5005
Lahore_00001_321085080_28863df64f_130_82503882@N00,31.58895,74.311378,31.5889,74.3097,31.5889,74.3106,31.596789,74.309085,31.5879,74.8727,31.5879,74.3097,31.5882,74.3119,33.6997,73.0651,31.5497,74.3436
Libya_00002_579471142_2e1919f8df_1017_9076790@N05,29.536424,21.033325,30.0561,31.2272,29.9753,31.1376,23.8103,69.8042,18.0858,-15.9785,30.013056,31.208853,26.9124,75.7873,28.6139,77.209,29.979568,31.134689
London_00020_82418356_e130a8793a_42_69567805@N00,51.522629,-0.099563,51.5033,-0.1196,51.5033,-0.1195,51.503399,-0.119517,51.5033,-0.1197,51.503399,-0.119519,51.5033,-0.1195,51.5033,-0.1195,51.503454,-0.119562
London_00044_152057337_45584126c5_48_90672364@N00,51.47879,-0.291255,51.507268,-0.16573,,,51.503393,-0.131776,51.508,-0.1655,51.4414,-0.2768,51.5284,-0.1506,40.748817,-73.985428,51.5014,-0.1419
London_00124_307812265_70c28bf023_112_30571787@N00,51.51604,-0.129046,51.5185,-0.0888,51.499479,-0.124809,51.4965,-0.1388,51.4965,-0.1278,51.520431,-0.121851,51.5387,-0.1425,51.5462,-0.1478,51.500729,-0.141894
London_00163_383132699_73d5a3db68_139_96387799@N00,51.508648,-0.094285,51.5101,-0.0982,51.508112,-0.098212,51.5114,-0.0972,51.5101,-0.0984,51.509491,-0.098425,51.5095,-0.0986,51.5136,-0.0999,51.513611,-0.106889
London_00173_399097890_cca3d6eb5c_47_89904893@N00,51.510204,-0.085991,51.5144636,-0.0802773,51.514463,-0.080741,51.5144,-0.0792,51.513101,-0.080086,51.514461,-0.080769,51.5145,-0.0803,51.5161,-0.0989,51.515608,-0.090835
LosAngeles_00017_271405228_1258990cf2_100_27274415@N00,34.101575,-118.340043,34.101558,-118.340944,34.101552,-118.340946,34.051541,-118.248126,34.101681,-118.340302,34.101425,-118.326729,34.1016,-118.3392,34.1016,-118.3267,34.1036,-118.3404
LosAngeles_00023_349121428_aaa440bcc6_132_97332629@N00,33.988206,-118.47536,34.107681,-118.338867,34.101558,-118.326943,34.1114,-118.3378,34.115833,-118.339167,34.085147,-118.309325,34.0365,-118.2023,34.0467,-118.2543,34.086906,-118.392504
Mali_00003_389132534_c1f2631a86_186_59398218@N00,12.653068,-7.987232,16.7704,-3.0026,,,14.5,-4.2,16.7685,-3.007,12.639232,-8.002889,12.639232,-8.002889,12.0,8.5,16.8214,-3.0031
Maryland_00035_1409295892_d1f7b16b3f_1421_88483799@N00,39.397543,-76.601765,41.4841,-81.6858,,,42.38771,-71.10108,40.748817,-73.985428,42.401382,-83.228989,42.385834,-83.232778,42.3361,-71.2058,40.748817,-73.985428
Massachusetts_00011_379112224_fbcf942ebd_169_57253263@N00,42.633738,-70.780902,41.410634,-75.662018,,,41.1022,-72.3644,40.748817,-73.985428,48.117228,-122.760359,43.641772,-70.226683,42.3361,-71.0589,40.748817,-73.985428
Melbourne_00004_129975593_87d37e1218_53_28026984@N00,-37.829175,144.971466,-33.8642,151.2166,-33.864167,151.216389,-33.8606,151.2149,40.748817,-73.985428,-33.847927,151.209834,-33.864167,151.216944,40.7829,-73.9654,-33.8736,151.2152
Mexico2_00027_373475154_2cddb4fa40_137_23812473@N00,20.749853,-99.94606,20.59502,-100.38673,21.016995,-101.256385,23.6331,-103.6541,20.9155,-100.7417,20.5937,-100.3925,16.7367,-92.6376,35.6895,-105.9344,17.0608,-96.7289
Mississippi_00011_537212117_97f048d808_1357_22941966@N00,44.923333,-93.117333,33.741681,-84.363725,37.413753,-79.142246,40.192433,-85.415634,40.748817,-73.985428,38.6089,-90.1847,38.2783,-85.8149,41.9603,-87.9288,40.748817,-73.985428
Mongolia_00002_207032483_20095af4a6_60_14542551@N00,48.973343,89.959659,39.5883,-105.6438,43.222,76.8512,47.8862,107.4164,40.748817,-73.985428,46.0207,7.7481,46.833,9.806,43.6667,-110.75,47.9267,106.9182
Montana_00013_452159720_caae190cec_196_93487964@N00,42.907186,-5.561764,35.0145,-85.3377,37.186998,-86.100528,29.6848,-98.3175,40.748817,-73.985428,35.5898,-84.4695,32.175556,-104.444444,37.1667,-86.0,40.748817,-73.985428
Montenegro_00002_279525048_069d71861c_85_36093984@N00,42.453987,18.536338,42.4523,18.5375,42.4531,18.5321,42.4538,18.5327,42.4239,18.7712,42.962406,17.136052,43.1719,16.4412,42.6475,18.0911,42.644844,18.094016
Morocco2_00003_369458188_1dcee11573_178_13527886@N00,31.39819,-7.635498,31.0675,-7.9181,31.0675,-7.927,31.0535,-7.9244,31.066667,-7.916667,-32.829167,-69.943333,31.0634,-7.9169,35.1667,-106.6333,31.4667,-7.8333
Morocco2_00016_872564984_73ef641d65_1104_83039477@N00,34.059485,-5.005645,34.066753,-4.973345,34.066379,-4.973076,34.063536,-5.007148,34.0611,-4.9792,15.354722,44.206389,34.0647,-4.9768,30.0444,31.2357,34.0465,-5.0056
Moscow_00007_275816584_98e230bb1e_88_87484925@N00,46.734397,-117.005081,44.983334,-93.253611,41.7833,-87.6067,52.4218,-108.7041,39.1112,-94.6086,45.553345,-122.713657,44.978977,-93.255011,41.6494,-87.6562,40.748817,-73.985428
Nepal_00013_543874653_f64e9976da_1104_7729101@N03,27.712102,85.280685,28.212,83.959,27.4317,89.4141,27.7161,85.3215,27.7172,85.324,40.655897,35.833244,27.7172,85.295,41.8967,12.4829,43.765907,11.255814
Netherlands_00069_1354802467_1e48ea9c4c_1252_44067110@N00,52.34158,4.792327,52.473087,4.80705,52.4731,4.8228,51.8864,4.6377,,,52.4744,4.8185,52.4752,4.81983,52.4061,4.8058,52.4608,4.8546
NorthCarolina_00008_253749264_f0a5e6ab18_88_23601949@N00,35.962376,-75.635547,41.6533,-87.0524,36.6825,-75.9239,41.7076,-87.0199,40.748817,-73.985428,43.9039,-77.2661,43.2389,-86.3126,33.4617,-112.0568,40.748817,-73.985428
Norway_00012_216550665_58216eae8f_76_90833046@N00,60.377302,6.720371,60.2886,5.3446,60.3153,6.6543,60.5667,6.95,60.0635,6.5515,61.9127,6.7197,60.863,7.117,59.6,6.5,62.4698,6.1551
Norway_00029_447570830_5d155dd0b1_209_74196805@N00,69.635592,18.998966,69.6486,18.9787,69.6496,18.956,69.6616,18.9672,69.6494,18.9594,69.6427,18.9872,69.6492,18.9553,61.2181,-149.8037,69.6506,18.9558
Norway_00040_990922720_327b7613ae_1157_96928198@N00,62.147918,6.059207,60.264,5.396,60.388,5.333,60.3913,5.3221,60.4054,5.3307,63.4322,10.3654,60.5645,4.9474,60.3932,5.3244,60.392987,5.324148
Norway_00048_1457219700_4744851a83_1196_99437479@N00,78.052895,14.238967,78.6562,16.3478,78.923451,11.923149,78.6667,16.3667,78.6514,16.3279,78.0648,14.212,78.2232,15.6267,78.2243,15.6422,78.216667,15.633333
Oklahoma_00005_262685303_e360a17203_90_96332550@N00,35.611045,-95.987763,32.3297,-96.6347,32.715736,-96.85256,35.1888,-97.4019,40.748817,-73.985428,30.7219,-97.4617,30.328,-97.8266,41.6561,-93.2167,40.748817,-73.985428
Oman_00001_159023565_dc1b205e99_70_67879480@N00,23.606306,58.537731,24.467167,39.610138,23.583263,58.403843,23.613708,58.165153,23.599207,58.417107,25.197197,55.274376,25.2333,55.2627,34.0267,-6.8333,23.6145,58.5732
Pakistan_00003_408755072_963acdb313_132_14262239@N00,36.300531,74.649868,36.325,74.6444,36.3213,74.6641,35.6844,74.3129,36.3093,74.6876,36.3167,74.65,36.3275,74.6646,36.25,74.2,35.6044,75.3089
Paris_00005_44406254_0054d193dc_27_98908999@N00,48.853717,2.347738,48.853,2.3499,48.852968,2.349902,48.853,2.3498,48.853,2.3498,48.85304,2.349902,48.852968,2.349902,48.8534,2.3488,48.8534,2.3488
Paris_00011_71800567_f579201d15_35_18684820@N00,48.866521,2.329101,48.8606,2.357,48.8566,2.3522,48.8566,2.3522,48.8566,2.3522,48.885179,2.33467,48.886088,2.343014,48.8467,2.3719,48.886065,2.336033
Paris_00025_129504349_cdd20e3144_1_42485416@N00,48.861326,2.346954,48.85837,2.294481,48.8584,2.2945,48.8584,2.2945,48.8584,2.2945,48.85837,2.294481,48.85837,2.294481,48.8584,2.2945,48.8584,2.2945
Paris_00127_433927029_bb089eecff_188_7218593@N05,48.859364,2.291142,48.8606,2.3376,48.8577,2.3426,48.8563,2.3522,48.853,2.3498,48.856375,2.357419,48.8583,2.3375,48.8566,2.3522,48.857406,2.340127
Paris_00131_445353063_8c58bd82b1_179_88895879@N00,48.863133,2.336654,48.864716,2.332,48.8566,2.3522,48.862725,2.340033,48.862,2.3466,48.862725,2.337644,48.8606,2.3376,48.861111,2.335833,48.861111,2.336111
Paris_00159_523650404_92319fd22a_254_51035632501@N01,48.855298,2.312461,48.870638,2.324545,48.870661,2.320041,48.862725,2.317778,48.861667,2.319444,48.870377,2.324706,48.870347,2.325075,48.8461,2.3498,48.846967,2.345878
Paris_00160_524943416_6cc4913ba0_249_80246871@N00,48.805012,2.121015,48.804865,2.120355,48.804865,2.120355,48.804865,2.120355,48.804863,2.120362,48.804865,2.120355,48.8048,2.1203,48.806667,2.109722,48.801688,2.107922
Paris_00213_1392923096_21dcd946e9_1007_13640599@N07,48.886899,2.343177,48.8867,2.3431,48.8867,2.3431,48.886944,2.343056,48.8867,2.3431,48.886705,2.343126,48.886705,2.343104,48.8867,2.3411,48.886065,2.336033
Peru_00016_325016580_4febe27d8f_143_32649801@N00,-13.53653,-71.998901,-13.516667,-71.978056,-13.516171,-71.978395,-13.518842,-71.978593,-13.5168,-71.9785,-13.516789,-71.978499,-13.516736,-71.978679,-13.5267,-71.9789,-13.5167,-71.9833
Philippines_00021_1354823159_b54e258230_1056_83794921@N00,13.521759,120.9696,8.009442,98.822546,7.569884,99.035779,13.5125,120.9669,11.9663,121.9282,13.5139,120.9547,10.1939,118.8981,-8.6897,115.1912,-8.340556,115.091944
Poland_00024_419395727_db46f2f484_183_93455345@N00,50.067717,19.923706,50.054444,19.935556,50.054297,19.935222,50.053554,19.932371,50.054004,19.936163,50.054444,19.935278,50.0546,19.9352,50.0617,19.9374,50.050446,19.936584
Poland_00039_939060542_595e7aa0f0_1297_15632944@N00,49.597095,19.93467,55.776176,37.655361,55.7333,37.5833,52.6514,19.0715,52.2225,20.9628,55.751231,37.786384,19.0712,72.8855,52.5167,13.3833,52.520643,13.386187
Portugal_00001_37087644_e25c1c4be1_31_41894197861@N01,38.709039,-9.136247,38.7099,-9.1366,38.707764,-9.136471,38.707751,-9.136592,38.7095,-9.1373,38.710175,-9.137644,38.71,-9.1366,41.3865,2.1744,38.712236,-9.142685
Portugal_00028_288609860_5f01b18ba2_108_82981539@N00,38.693519,-9.205673,38.693722,-9.205556,38.693889,-9.205556,38.693925,-9.205212,38.693978,-9.205598,38.693613,-9.205773,38.6936,-9.2057,38.6919,-9.2105,38.690638,-9.219685
Portugal_00031_315254130_e99b1f16b2_116_49777280@N00,41.149383,-8.610105,41.140153,-8.611353,41.1402,-8.611,41.1451,-8.6121,41.1417,-8.6097,41.140085,-8.609812,41.1405,-8.6134,41.1496,-8.6105,41.1468,-8.6117
PuertoRico_00013_1356370638_0426ac7dcb_1264_23437487@N00,18.469468,-66.119842,18.4711,-66.1248,18.4711,-66.1239,18.4663,-66.1183,18.4706,-66.1229,18.4709,-66.1231,18.4683,-66.1148,18.4663,-66.1057,18.466364,-66.108442
Romania_00003_147566544_11f95abd00_45_96155869@N00,45.793262,24.150695,45.798327,24.151894,45.797093,24.152075,45.7976,24.1502,45.7976,24.1522,45.79779,24.150743,45.7983,24.1469,46.7685,23.5855,45.796665,24.140889
Romania_00010_407620380_c9862a7d9a_181_48313794@N00,47.550579,25.843963,47.5619,25.0836,47.347738,25.359396,47.6767,24.0667,45.643,25.584,48.171111,24.945833,47.45,25.3333,48.5,24.5,48.6567,19.2833
Rome_00002_43887898_6646f63596_30_42126397@N00,41.929357,12.472229,41.890251,12.492373,41.890251,12.492373,41.8902,12.4922,41.8902,12.4922,41.89021,12.492231,41.8902,12.4924,41.8902,12.4922,41.890231,12.492231
Rome_00021_217560377_c0097f0084_83_84498284@N00,41.901765,12.481584,41.8956,12.4924,41.898778,12.472277,41.8989,12.4769,41.8975,12.4797,41.901389,12.488333,41.8986,12.4713,41.8967,12.4783,41.886478,12.466744
Rome_00024_231521295_1a0e1b7fb5_91_55085284@N00,41.890393,12.49197,41.892462,12.485324,41.892462,12.485324,41.895466,12.485334,41.8925,12.4858,41.891775,12.485554,41.892506,12.485439,41.8902,12.4922,41.893678,12.484527
Russia_00019_985802242_5ad0b7dbeb_1190_23707253@N00,59.94046,30.312223,59.93428,30.335099,59.93428,30.335099,59.9343,30.3351,59.9347,30.3462,59.932584,30.346346,59.934375,30.335127,59.9391,30.3165,59.936724,30.316295
SanFrancisco_00096_442372330_8e060f4138_176_7571568@N05,37.782383,-122.42031,37.826977,-122.422956,37.8267,-122.4233,37.827,-122.423,37.8267,-122.4233,37.827,-122.423,37.827,-122.423,37.8267,-122.4233,37.8267,-122.4232
Seoul_00010_367998508_f0e90c701b_107_87409164@N00,37.583085,126.992683,37.579444,126.991111,37.579617,126.991431,37.579551,126.991688,37.5796,126.9919,35.673821,139.699829,35.0158,135.7824,35.0067,135.7233,37.580267,126.972933
Shenzhen_00003_954656461_a90fe556dc_1111_32377115@N00,22.565354,114.073448,39.9489,116.4181,39.916344,116.397155,39.88284,116.41284,25.7019,100.2377,31.3217,120.6292,39.9422,116.4194,39.921522,116.391112,35.0116,135.7684
SouthDakota_00001_103581976_d9b87d0c35_36_96388182@N00,43.542412,-96.699922,44.959,-93.3026,44.9521,-93.2617,39.8392,-88.9472,41.9586,-87.6534,44.948889,-93.247778,44.9428,-93.3075,41.9067,-87.6722,40.748817,-73.985428
Spain_00063_379578856_a608d0b600_146_75653366@N00,43.323538,-1.98522,43.322222,-1.986944,43.3225,-1.9858,43.315335,-1.989722,43.3244,-1.9852,43.324751,-1.98518,43.3237,-1.9849,42.8067,-1.6528,42.846296,-2.669722
Spain_00083_486577745_b0256c3b07_221_51162504@N00,37.389024,-5.994071,37.3861,-5.9926,37.3851,-5.9921,39.473721,-0.376474,37.386111,-5.9925,40.415363,-3.714312,48.853,2.3498,41.3851,2.1734,41.3851,2.1734
SriLanka_00008_841500207_6eabfd01c6_1147_9900419@N06,6.590774,79.979095,12.3257,76.6141,,,13.4167,103.8667,15.5725,73.7333,18.9108,98.9496,18.9108,98.9496,15.6,73.8333,18.786114,98.985862
Sweden_00010_187208678_92004a5c41_72_46054052@N00,58.474311,11.311798,59.0706,9.7866,58.3589,11.2102,58.27,11.43,57.6769,11.9448,63.1102,7.7372,59.3046,18.1252,56.15,12.95,57.679433,11.65806
Switzerland_00008_103429200_c4904154d8_38_73293249@N00,46.167286,7.099698,46.669444,8.039722,45.9837,7.7832,46.0177,7.7578,46.5022,11.3223,46.8219,8.4039,46.7991,8.3943,46.5167,8.0167,46.025833,7.908333
Switzerland_00014_170747608_cf4538d97b_50_97458173@N00,46.496974,7.675924,47.2667,9.4,46.5953,7.9091,46.6296,8.0281,46.6934,7.8583,46.610278,7.9425,46.8182,8.4047,47.6062,13.1891,46.108886,7.795278
Switzerland_00082_1222153363_9eaceb19eb_1370_47311799@N00,46.204977,6.149843,46.2074,6.1476,46.2044,6.1432,46.205094,6.143209,46.2069,6.1462,37.5314,126.9392,46.207774,6.14894,35.652832,139.749438,35.663738,139.766006
Switzerland_00086_1367058455_d58f03d50f_1136_9407621@N05,46.604579,7.935862,51.5607,-0.1657,39.9999,-105.2812,51.483772,-0.292875,40.748817,-73.985428,50.2089,-5.4808,39.9994,-105.2806,34.4261,-119.6672,40.748817,-73.985428
Sydney_00073_1226915900_eea86783cd_1128_65768710@N00,-33.870344,151.225433,-33.8567844,151.2152967,-33.856784,151.215297,-33.8567844,151.2152967,-33.856784,151.215302,-33.8568,151.2153,-33.8568,151.2153,-33.8569,151.2152,-33.8569,151.2152
Syria_00001_91276050_f4598af84a_27_80528961@N00,33.522792,36.309814,33.5121,36.3064,33.5116,36.3064,34.015137,71.524902,31.5875,74.3108,-7.805369,110.364172,-7.805391,110.364198,40.748817,-73.985428,31.6295,-7.9844
Taiwan_00044_406785882_413e3bba60_158_81421684@N00,24.514718,121.60818,32.7292,131.3231,36.746512,139.511542,34.7336,135.2661,23.8572,120.9286,37.0652,22.4171,36.7328,138.4604,47.6,-121.7833,35.026036,135.724788
Tanzania_00019_1292210091_693ea74b7a_1088_15274769@N00,-3.169805,35.528561,-3.161111,35.587222,-3.1628,35.5877,-3.16667,35.58333,-2.333333,34.833332,-2.333333,34.833333,-2.3333,34.8333,-2.0667,34.8667,-1.3667,36.7833
Thailand_00034_327008969_eda8c71554_140_17362713@N00,12.925599,100.891571,13.8008,100.5501,13.800944,100.553388,13.737938,100.51516,14.5904,120.9756,13.750166,100.541873,13.7999,100.5505,13.7465,100.4892,13.7469,100.5328
Tokyo_00070_439717934_3d0fd200f1_180_97324495@N00,35.690428,139.704803,34.06541,-118.30964,35.6938,139.7034,37.506888,127.047259,40.748817,-73.985428,35.670479,139.758967,35.694025,139.702869,37.4966,127.0251,37.566535,126.977969
Tonga_00002_479647466_2e7ea24455_169_36709487@N00,-40.884642,173.048229,-41.043889,173.049444,-41.0336,173.0166,-40.9236,172.9768,-40.9541,173.0195,-16.484722,145.465278,-37.635,176.173,-36.8083,174.7639,-44.6682,168.6761
Tunisia_00008_903924177_8eeea96057_1429_9416923@N08,33.553412,9.966487,33.542682,9.967155,33.5426,9.9675,33.546111,9.971944,33.5397,9.9795,38.642841,34.828526,31.0469,-7.1311,31.6167,-7.9833,33.6833,10.5667
Turkey_00007_199529249_b54fd55a6e_70_85971448@N00,38.671304,34.839363,38.6431,34.8314,38.6439,34.8316,38.674803,34.834587,38.6444,34.8675,38.643861,34.842778,38.643889,34.828056,38.65,34.8,38.6425,34.8667
Turkey_00037_1105905643_007e7c4da0_1384_82622473@N00,41.100957,28.999614,41.0056,28.9762,41.006055,28.974247,41.005342,28.977344,41.0078,28.9794,20.2359,85.832,12.6169,80.1945,40.7829,-73.9692,41.008237,28.978979
Ukraine_00015_1337848415_599183dcd9_1178_28325468@N00,46.475736,30.765677,46.424513,30.771998,46.450767,30.763798,46.459305,30.774131,43.5855,39.7203,23.141847,-82.358468,19.0428,72.821,40.748817,-73.985428,43.2167,27.9167
UnitedKingdom_00019_964966881_426cf82f57_1071_98545448@N00,51.682337,-1.78659,51.5048,-0.1506,51.507268,-0.16573,51.6854,-1.7862,51.5085,-0.1667,50.716667,-1.875278,50.7157,-1.8744,40.748817,-73.985428,51.477868,-0.001498
Utah_00013_273721069_5a2ffa6fe3_94_79954435@N00,38.689278,-109.576805,38.6166,-109.6005,36.998979,-110.098707,38.790282,-109.684478,40.748817,-73.985428,38.6252,-109.5937,38.7331,-109.5925,36.9994,-110.5652,38.6812,-109.5752
Utah_00017_311640007_f48e92f2d4_116_19269532@N00,37.218846,-112.920913,37.2982,-113.0263,37.298202,-113.0263,37.206821,-112.951179,40.748817,-73.985428,37.200886,-112.987727,37.201,-112.9834,37.2604,-113.0258,37.296485,-112.986246
Utah_00026_474986001_181d71a40d_218_53364390@N00,38.773023,-109.324779,38.6371,-109.4015,38.7242,-109.3087,38.734337,-109.373278,38.5733,-109.5506,38.7233,-109.3003,28.7802,83.724,36.0556,-112.125,38.6812,-109.5753
Uzbekistan_00001_280399379_3193cf1f0d_94_40084555@N00,39.667027,66.942787,39.5856,66.9988,39.672301,66.973438,39.6561,66.9746,39.6597,66.9819,39.660088,66.988,39.667746,66.988127,39.62,66.9833,39.659722,66.976389
Vermont_00002_113886360_6cb9ab47bd_41_87434398@N00,43.043237,-72.909822,44.433836,-72.733518,44.4654,-72.6874,43.6324,-71.4873,44.4795,-72.6836,44.470829,-72.688046,42.44,-71.3387,44.4671,-73.2006,40.748817,-73.985428
Vermont_00016_746636213_f837f3bf39_1209_19212858@N00,44.385208,-73.24356,42.7126,-74.922,41.8004,-73.9355,44.36868,-73.235357,40.748817,-73.985428,44.477,-73.2106,59.327,18.105,59.8586,17.6389,40.748817,-73.985428
Vietnam_00013_309555658_1206a876e1_109_40279823@N00,15.878047,108.337898,15.7741,108.1106,15.7754,108.1111,15.7677,108.112,15.7654,108.1267,15.7684,108.1258,13.4125,103.867,15.6667,108.25,15.6833,108.2833
Virginia_00012_710310620_0900169ce4_1266_94125865@N00,36.746982,-81.537995,32.7883,-97.3486,32.789158,-97.346783,35.7283,-82.7634,40.748817,-73.985428,35.92559,-86.86889,35.925,-86.8689,30.2672,-98.3024,40.748817,-73.985428
Virginia_00055_1440634934_ac4db3526d_1135_91062007@N00,36.859948,-75.978484,36.855436,-75.977989,36.852984,-75.977418,36.852926,-75.977985,36.8529,-75.9761,36.8477,-75.9701,36.8516,-75.9792,44.4068,8.9241,41.386447,2.18621
Washington_00077_933052351_c52eb39df8_1294_54699140@N00,38.8985,-77.0275,38.88816,-77.019868,38.8881,-77.0199,39.764987,-84.060517,40.748817,-73.985428,38.88816,-77.019868,38.88816,-77.019868,40.7683,-73.9867,40.761392,-74.005976
Washington_00092_1444342752_743c6981e6_1161_39405636@N00,46.783282,-121.763534,46.852886,-121.760374,46.8523,-121.7603,46.7809,-121.7269,46.879966,-121.726909,46.785851,-121.735526,46.786671,-121.73547,46.852,-121.7604,47.616739,-122.326554
Wisconsin_00036_1174326080_46cb7b0c2b_1168_10976003@N07,43.654692,-89.821643,17.35,78.4516,,,37.208957,-93.292299,40.1146,-83.0712,34.685087,135.843011,28.6085,77.2456,40.748817,-73.985428,39.926956,116.388622
Wyoming_00005_264085120_70bc6791b2_97_48947971@N00,43.838489,-110.725708,43.7417,-110.8025,43.7416,-110.8026,43.7904,-110.7034,40.748817,-73.985428,43.6427,-110.7177,43.8394,-110.6818,43.7628,-110.7631,43.7869,-110.7522
america_00003_225732316_f761e65a4e_70_70484005@N00,41.746157,-73.932248,48.865633,2.328103,48.884123,2.338439,51.4976,-0.1433,40.748817,-73.985428,48.855167,2.362614,,,48.860615,2.337491,40.748817,-73.985428
capri_00004_483725210_cb68b00ed5_174_40425693@N00,40.557373,14.266262,40.548204,14.242922,40.5493,14.2381,40.6249,14.4862,40.5501,14.2219,40.5527,14.2337,40.5472,14.2222,37.63,23.9,45.9667,8.45
england_00041_251424233_428738c274_111_11114422@N00,51.243139,-0.359823,51.5607,-0.1657,51.556922,-0.165512,51.5561,-0.1504,40.748817,-73.985428,51.4147,-2.3739,51.755,-1.196,41.9667,-74.1333,40.748817,-73.985428
england_00047_273334374_b9447e5806_94_57749403@N00,53.229056,-0.547943,51.7541,-1.2533,51.749998,-1.25531,51.753015,-1.253869,51.7515,-1.2577,51.4584,-2.6167,51.3814,-2.359,51.7522,-1.2561,51.751944,-1.257778
england_00090_496632589_c83b7bb9e9_226_91548597@N00,53.190613,-2.894822,53.4775,-2.2501,52.478528,-1.898575,52.4068,-1.5197,52.9225,-1.4756,52.478825,-1.887974,52.47773,-1.893149,51.5461,-0.1602,52.486241,-1.890401
florence_00012_313147389_c46824aa79_106_90168643@N00,43.76725,11.272659,43.7731,11.2556,43.773056,11.255556,43.773056,11.255833,43.7732,11.2563,43.773251,11.255474,43.773251,11.255474,43.7689,11.2555,43.770816,11.254589
florence_00014_353015358_1e186608c3_153_37507546@N00,43.765639,11.270256,43.767913,11.253137,43.7687,11.2551,43.766763,11.255889,43.7678,11.2558,43.768054,11.253132,43.768056,11.253056,43.7687,11.2555,43.766946,11.255814
galapagos_00007_1030772840_1430e92543_1026_7132415@N03,-0.393444,-90.281352,-0.7558,-90.3534,-0.737627,-90.318249,-0.446416,-90.282284,-0.7417,-90.3122,-0.692714,-89.275111,-0.7167,-89.2833,-0.9167,-90.9833,-0.760833,-90.295833
nikko_00002_313984117_ffde0f168d_117_25159586@N00,36.753576,139.604473,36.757,139.5983,36.759,139.5985,36.7547,139.6014,36.7583,139.6144,36.748889,139.619167,36.748378,139.617371,36.24,140.1167,35.026046,135.680457
nyc_00037_195999660_2dba8fdba9_60_40829484@N00,40.455307,-75.300292,35.4634,-97.5151,40.8136,-74.0678,39.7486,-105.0077,29.9489,-90.0822,43.643466,-79.379099,33.7573,-84.3963,40.7505,-73.9936,40.7505,-73.9936
nyc_00042_220554146_bf077ea42f_66_20871343@N00,40.763874,-73.973243,40.763641,-73.972969,40.763845,-73.972971,40.752765,-73.973429,40.748817,-73.985428,37.786256,-122.407619,37.3349,-122.009,40.748817,-73.985428,40.748817,-73.985428
nyc_00138_1022905709_ffa667da68_1040_70323761@N00,40.807304,-73.961393,40.8065,-73.9626,40.8075355,-73.9625727,40.753,-73.9822,40.748817,-73.985428,43.652697,-79.379235,42.349329,-71.078369,40.7606,-73.9731,40.748817,-73.985428
orlando_00010_295896083_bb881f9d62_110_29251780@N00,29.188135,-81.226387,33.5021,-82.021,,,-27.9537,153.3632,33.502016,-82.020845,33.47197,-82.023303,32.1908,-80.7132,40.748817,-73.985428,40.748817,-73.985428
pompei_00003_876663807_361e72721c_1145_78841376@N00,40.747586,14.484207,40.7497,14.4869,40.7506,14.4869,40.7504,14.4856,40.75,14.4917,40.7485,14.4847,40.751667,14.479722,40.748817,14.492604,40.748817,14.491684
scotland_00043_270016034_22faac0537_95_50994135@N00,56.034122,-4.983844,56.1016,-4.6366,56.1204,-4.5914,53.2221,-4.1271,52.0497,-9.5,54.5672,-3.1894,54.4367,-3.0159,55.9567,-3.1878,55.960899,-3.188333
scotland_00053_331995269_96230f644d_165_77235581@N00,58.202872,-6.379451,57.4136,-6.1936,56.4142,-5.4713,55.8382,-5.0539,56.4142,-5.4724,57.142857,-2.067556,55.797159,-4.867639,56.4617,-5.4833,55.9698,-3.1643
seattle_00064_443151803_90c945e87c_191_74223826@N00,47.645127,-122.336257,47.6456,-122.3344,47.629539,-122.358956,47.645809,-122.336693,47.6265,-122.3588,42.3645,-71.0384,42.358,-71.088,47.6062,-122.3322,47.6204,-122.3506
venice_00002_69431815_c01190b915_35_39303693@N00,45.433515,12.346229,45.4342,12.3417,45.438611,12.326111,45.440021,12.326914,45.4431,12.3206,45.434057,12.340852,31.243904,121.490317,40.748817,-73.985428,22.5867,88.3589
venice_00016_265350847_0252df858c_118_44972214@N00,32.845269,-117.273988,32.8506,-117.2726,32.8502,-117.2727,32.862475,-117.261831,32.8506,-117.2736,33.4913,-117.7389,32.850715,-117.273001,34.06,-118.67,32.836886,-117.260407
venice_00026_383980273_f31c681f5d_165_35271748@N00,45.433703,12.339298,45.434121,12.327595,41.904141,12.487323,45.4367,12.3338,45.4359,12.3282,45.436364,12.328315,45.4408,12.3324,41.9016,12.4827,41.902667,12.485333
wales_00004_130253713_3ded2d4456_56_66516604@N00,53.121229,-3.999366,53.1097,-4.0086,53.0685,-4.0761,53.1156,-4.0261,53.0548,-4.0044,53.0768,-4.0784,53.1178,-4.0267,35.6,-82.5833,54.6042,-3.2833
wales_00019_442821205_59d2f2ee89_168_96019796@N00,51.644335,-2.677059,51.576,-3.2195,51.5768,-4.0024,53.5462,-6.7972,53.5648,-6.7919,53.5547,-6.7892,53.5553,-6.7893,53.2667,-4.3833,51.4816,-3.1795
