id,true_lat,true_lon,pred_lat_gpt-4.1,pred_lon_gpt-4.1,city,area,region,country,city_val,area_val,region_val,country_val,distance_gpt-4.1,score_gpt-4.1,pred_city_gpt-4.1,pred_area_gpt-4.1,pred_region_gpt-4.1,pred_country_gpt-4.1,city_hit_gpt-4.1,area_hit_gpt-4.1,region_hit_gpt-4.1,country_hit_gpt-4.1,accuracy_city_gpt-4.1,accuracy_area_gpt-4.1,accuracy_region_gpt-4.1,accuracy_country_gpt-4.1
104123223_7410c654ba_19_19355699@N00,-16.663606,145.563537,-12.4007,130.8906,Palm Cove,Cairns,Queensland,AU,1,1,1,1,1648.2753055176427,1657.3398519417767,Leanyer,Darwin,Northern Territory,AU,False,False,False,True,0.0,0.0,0.0,0.0
1095548455_f636d22cbb_1277_8576809@N08,31.893581,-85.141124,29.9656,-90.0381,Eufaula,Barbour County,Alabama,US,1,1,1,1,513.8607892173585,3543.761404968049,Arabi,Saint Bernard Parish,Louisiana,US,False,False,False,True,0.0,0.0,0.0,100.0
1185597181_0158ab4213_1311_43616936@N00,42.346571,-71.097228,42.346676,-71.097218,Brookline,Norfolk County,Massachusetts,US,1,1,1,1,0.01170435515981036,4999.9607948372995,Brookline,Norfolk County,Massachusetts,US,True,True,True,True,0.0,0.0,0.0,100.0
1199004207_0ce4e7a456_1285_16418049@N00,37.090924,25.370521,37.4467,25.3289,Naxos,Nomos Kykladon,South Aegean,GR,1,1,1,1,39.731555855089816,4868.66937734952,Mykonos,Nomos Kykladon,South Aegean,GR,False,True,True,True,33.33333333333333,33.33333333333333,33.33333333333333,100.0
1257001714_3453f5fc4b_1405_11490799@N08,55.485759,28.791046,56.8596,35.9176,Polatsk,,Vitebsk,BY,1,1,1,1,466.5825476142497,3657.799277781905,Tver,,Tverskaya,RU,False,True,False,False,25.0,50.0,50.0,100.0
195179890_dfc29db44a_70_73935513@N00,-25.499066,-54.621276,-25.6953,-54.4367,Ciudad del Este,,Alto Parana,PY,1,1,1,1,28.61338474470655,4905.068381305139,Puerto Iguazu,Departamento de Iguazu,Misiones,AR,False,False,False,False,20.0,60.0,40.0,80.0
212568980_fb3a00288d_71_21844368@N00,12.974449,77.562789,12.9758,77.6055,Bangalore,Bangalore Urban,Karnataka,IN,1,1,1,1,4.630424520537065,4984.513800343895,Bangalore,Bangalore Urban,Karnataka,IN,True,True,True,True,16.666666666666664,50.0,33.33333333333333,66.66666666666666
222911552_50f2a18fde_66_56186870@N00,60.773746,-148.812046,69.7208,20.2237,Girdwood,Anchorage Municipality,Alaska,US,1,1,1,1,5478.830631860524,127.32931265887517,Lyngseidet,Lyngen,Troms,NO,False,False,False,False,28.57142857142857,57.14285714285714,42.857142857142854,71.42857142857143
243683202_38f0178ce4_88_11807142@N00,37.970117,23.720426,37.9699,23.7324,Athens,Nomarchia Athinas,Attica,GR,1,1,1,1,1.0499016332063753,4996.484449347821,Athens,Nomarchia Athinas,Attica,GR,True,True,True,True,25.0,50.0,37.5,62.5
247766999_1de867ab93_96_94409333@N00,36.403107,-93.736736,40.717106,-73.958433,Eureka Springs,Carroll County,Arkansas,US,1,1,1,1,1781.0036906480882,1516.3338675436153,Long Island City,Queens County,New York,US,False,False,False,True,33.33333333333333,55.55555555555556,44.44444444444444,66.66666666666666
251058170_ba714bfb50_87_67484939@N00,34.841334,-92.486429,33.805318,-84.147725,Maumelle,Pulaski County,Arkansas,US,1,1,1,1,774.1425664442147,2976.710769781125,Stone Mountain,DeKalb County,Georgia,US,False,False,False,True,30.0,50.0,40.0,70.0
254755691_b3bbae344e_95_79267922@N00,39.94133,116.383666,39.916344,116.397155,Jingshan,,Beijing,CN,1,1,1,1,3.006989559211371,4989.937821207548,Beijing,,Beijing,CN,False,True,True,True,27.27272727272727,45.45454545454545,36.36363636363637,72.72727272727273
254762082_1a1b6d27d1_121_79267922@N00,39.94133,116.383666,39.9087,116.3975,Jingshan,,Beijing,CN,1,1,1,1,3.8152494850761154,4987.236625360597,Beijing,,Beijing,CN,False,True,True,True,25.0,50.0,41.66666666666667,75.0
257034510_2b7d64e610_118_26519935@N00,13.74989,100.494861,13.7516,100.4928,Bangkok,,Bangkok,TH,1,1,1,1,0.2927579396751003,4999.019463948665,Bangkok,,Bangkok,TH,True,True,True,True,23.076923076923077,53.84615384615385,46.15384615384615,76.92307692307693
257176697_a302df7bec_86_41336221@N00,40.366689,49.835443,40.366667,49.835278,Badamdar,,Baki,AZ,1,1,1,1,0.01419141385515446,4999.952464170982,Badamdar,,Baki,AZ,True,True,True,True,28.57142857142857,57.14285714285714,50.0,78.57142857142857
263896481_2f807d19ee_80_74806935@N00,37.318012,-121.950309,37.790367,-122.427014,Burbank,Santa Clara County,California,US,1,1,1,1,67.26519977073772,4779.68736919271,San Francisco,San Francisco County,California,US,False,False,True,True,33.33333333333333,60.0,53.333333333333336,80.0
264192767_4809b75a21_117_35468147630@N01,42.36246,-71.084353,37.543185,-77.438357,Cambridge,Middlesex County,Massachusetts,US,1,1,1,1,761.4760035091166,3002.077636936796,Richmond,City of Richmond,Virginia,US,False,False,False,True,31.25,56.25,56.25,81.25
314328828_2b52ae145e_120_55852171@N00,39.996996,116.267988,39.9998,116.2755,Haidian,,Beijing,CN,1,1,1,1,0.711808550483044,4997.61626964215,Haidian,,Beijing,CN,True,True,True,True,29.411764705882355,52.94117647058824,52.94117647058824,82.35294117647058
315923188_366ee7e6cd_101_14491548@N00,51.054991,3.732089,51.054342,3.724585,Gent,Provincie Oost-Vlaanderen,Flanders,BE,1,1,1,1,0.529431642070205,4998.226911758495,Gent,Provincie Oost-Vlaanderen,Flanders,BE,True,True,True,True,33.33333333333333,55.55555555555556,55.55555555555556,83.33333333333334
317019036_3b57b5b2e9_104_56249023@N00,-47.031934,-67.259674,-49.270526,-73.048549,Caleta Olivia,,Santa Cruz,AR,1,1,1,1,496.17641489836126,3585.9948759093413,El Calafate,,Santa Cruz,AR,False,True,True,True,36.84210526315789,57.89473684210527,57.89473684210527,84.21052631578947
317024157_467511cd94_107_56249023@N00,-50.358604,-72.285575,-44.0065,170.477,El Calafate,,Santa Cruz,AR,1,1,1,1,7898.875619690336,25.16674092487721,Pleasant Point,Timaru District,Canterbury,NZ,False,False,False,False,35.0,60.0,60.0,85.0
317369069_16c7477d63_134_78221228@N00,-50.462312,-73.005523,-50.4963,-73.1371,El Calafate,,Santa Cruz,AR,1,1,1,1,10.048159608807808,4966.455364080042,El Calafate,,Santa Cruz,AR,True,True,True,True,33.33333333333333,57.14285714285714,57.14285714285714,80.95238095238095
336999316_7fda2b00b1_142_65367662@N00,39.44017,-120.23025,39.732,-104.9618,Truckee,Nevada County,California,US,1,1,1,1,1307.2405857848962,2082.7355071522065,Denver,Denver County,Colorado,US,False,False,False,True,36.36363636363637,59.09090909090909,59.09090909090909,81.81818181818183
338553788_a32e785773_163_21535758@N00,34.987253,68.466796,34.8216,67.8273,Dahan-e Jarf,,Parvan,AF,1,1,1,1,61.15651827023643,4799.28769951067,Bamyan,,Bamian,AF,False,True,False,True,34.78260869565217,56.52173913043478,56.52173913043478,82.6086956521739
338603422_520f0ce2ff_138_21535758@N00,36.884014,68.57666,30.18,71.5249,Dowr-e Rabat,,Kunduz,AF,1,1,1,1,793.8347878085307,2937.6988536494996,Multan,,Punjab,PK,False,True,False,False,33.33333333333333,58.333333333333336,54.166666666666664,83.33333333333334
339483173_e48ee06639_139_63163416@N00,31.213021,29.946069,31.1974,29.902,Alexandria,,Alexandria,EG,1,1,1,1,4.5369379100752765,4984.825986243569,Alexandria,,Alexandria,EG,True,True,True,True,32.0,60.0,52.0,80.0
340942713_d485388d6d_152_21341800@N00,36.765291,68.812866,34.2158,62.2286,Kunduz,,Kunduz,AF,1,1,1,1,659.8780184736803,3213.5229440444655,Guzarah,,Herat,AF,False,True,False,True,34.61538461538461,61.53846153846154,53.84615384615385,80.76923076923077
348532716_5a2b306c86_136_98767940@N00,17.129307,-89.065818,17.9706,-76.792,San Ignacio,,Cayo,BZ,1,1,1,1,1304.3779879011634,2086.733467024867,Kingston,,Kingston,JM,False,True,False,False,33.33333333333333,62.96296296296296,51.85185185185185,81.48148148148148
363322243_42e6b4babe_100_26234358@N00,52.525047,13.366949,52.525083,13.369402,Tiergarten Bezirk,,Berlin,DE,1,1,1,1,0.16600006109596271,4999.4439913205015,Tiergarten Bezirk,,Berlin,DE,True,True,True,True,32.142857142857146,64.28571428571429,50.0,78.57142857142857
379263811_e4d22a1ba5_136_59615371@N00,34.051166,-84.285993,33.849801,-84.362129,Alpharetta,Fulton County,Georgia,US,1,1,1,1,23.466234702005227,4922.011304701317,North Atlanta,DeKalb County,Georgia,US,False,False,True,True,34.48275862068966,65.51724137931035,51.724137931034484,79.3103448275862
391838246_31758bc752_139_94949650@N00,49.341342,-123.01546,47.8601,-123.9347,North Vancouver,Fraser Valley Regional District,British Columbia,CA,1,1,1,1,178.03382456746616,4437.842124760017,Forks,Clallam County,Washington,US,False,False,False,False,33.33333333333333,63.33333333333333,53.333333333333336,80.0
392982444_442d787db5_143_65412829@N00,39.935276,32.852725,40.1833,29.0611,Ankara,,Ankara,TR,1,1,1,1,323.8422817625389,4024.848342495062,Bursa,Osmangazi,Bursa,TR,False,False,False,True,32.25806451612903,61.29032258064516,51.61290322580645,77.41935483870968
421350511_ee899b609d_129_85417391@N00,32.242796,-111.167714,32.2426,-111.1607,Tucson Estates,Pima County,Arizona,US,1,1,1,1,0.6600140338996494,4997.7896826585975,Tucson Estates,Pima County,Arizona,US,True,True,True,True,31.25,59.375,50.0,78.125
425432303_c817c468e3_166_14882112@N00,41.371961,2.166323,41.3793,2.1677,Ciutat Vella,Provincia de Barcelona,Catalonia,ES,1,1,1,1,0.8241082759354914,4997.240300040695,Ciutat Vella,Provincia de Barcelona,Catalonia,ES,True,True,True,True,33.33333333333333,60.60606060606061,51.515151515151516,78.78787878787878
427188519_bcf177e48b_146_84752760@N00,41.401149,2.163276,41.3849,2.1763,Gracia,Provincia de Barcelona,Catalonia,ES,1,1,1,1,2.1082879852468595,4992.942989837073,Ciutat Vella,Provincia de Barcelona,Catalonia,ES,False,True,True,True,35.294117647058826,61.76470588235294,52.94117647058824,79.41176470588235
429777514_e0ba93984e_169_89418754@N00,41.403491,2.174423,41.403629,2.174356,Horta-Guinardo,Provincia de Barcelona,Catalonia,ES,1,1,1,1,0.016330720694598434,4999.945298347415,Horta-Guinardo,Provincia de Barcelona,Catalonia,ES,True,True,True,True,34.285714285714285,62.857142857142854,54.285714285714285,80.0
429881745_35a951f032_187_37718182@N00,41.387627,2.188044,41.367234,2.163055,Ciutat Vella,Provincia de Barcelona,Catalonia,ES,1,1,1,1,3.0804721648996325,4989.692182694672,Sants-Montjuic,Provincia de Barcelona,Catalonia,ES,False,True,True,True,36.11111111111111,63.888888888888886,55.55555555555556,80.55555555555556
432236572_f2da926f89_166_75452460@N00,47.298266,13.686389,45.6094,24.6165,Schladming,Politischer Bezirk Liezen,Styria,AT,1,1,1,1,857.3386619564653,2815.3416264678967,Cartisoara,Comuna Cartisoara,Sibiu,RO,False,False,False,False,35.13513513513514,64.86486486486487,56.75675675675676,81.08108108108108
436360592_ef20eb1e98_178_99746029@N00,39.937908,116.398086,52.502666,13.445249,Jingshan,,Beijing,CN,1,1,1,1,7353.067902350032,36.276662669875606,Berlin Treptow,,Berlin,DE,False,True,False,False,34.21052631578947,63.1578947368421,55.26315789473685,78.94736842105263
437613430_d1466ffcdb_178_71613077@N00,39.988497,116.184368,35.713768,139.773161,Xiangshan,,Beijing,CN,1,1,1,1,2118.2077858145535,1209.7253759127418,Tokyo,,Tokyo,JP,False,True,False,False,33.33333333333333,64.1025641025641,53.84615384615385,76.92307692307693
453214262_2252fbefff_212_55126705@N00,35.521425,-111.372699,35.5253,-111.3747,Flagstaff,Coconino County,Arizona,US,1,1,1,1,0.46738746454668123,4998.434667719367,Flagstaff,Coconino County,Arizona,US,True,True,True,True,32.5,65.0,52.5,75.0
453384102_723b8a8182_207_55126705@N00,34.611453,-111.841936,34.6124,-111.839,Camp Verde,Yavapai County,Arizona,US,1,1,1,1,0.2885868804030545,4999.03343275393,Camp Verde,Yavapai County,Arizona,US,True,True,True,True,34.146341463414636,65.85365853658537,53.65853658536586,75.60975609756098
466882217_a9c6760cc4_220_64825499@N00,12.607003,-70.055952,23.1925,-81.1449,Arasji,,,AW,1,1,1,1,1660.3156092380566,1644.0253132647308,Varadero,,Matanzas,CU,False,True,False,False,35.714285714285715,66.66666666666666,54.761904761904766,76.19047619047619
482314949_dbc149bb10_224_50435419@N00,-34.609758,-58.411216,-34.578135,-58.416107,Buenos Aires,,Buenos Aires F.D.,AR,1,1,1,1,3.5447031955591504,4988.140625258197,Retiro,,Buenos Aires F.D.,AR,False,True,True,True,34.883720930232556,67.44186046511628,53.48837209302325,74.4186046511628
502172768_3a7a22811b_213_69641014@N00,42.34351,-71.033585,29.616024,-94.989609,South Boston,Suffolk County,Massachusetts,US,1,1,1,1,2564.4463650167704,897.1305462334941,Shoreacres,Harris County,Texas,US,False,False,False,True,34.090909090909086,68.18181818181817,54.54545454545454,75.0
504921450_6f20499550_194_24311489@N00,33.747894,-84.371148,38.879968,-77.069016,Atlanta,Fulton County,Georgia,US,1,1,1,1,867.6185573978709,2796.0195997029186,Arlington,Arlington County,Virginia,US,False,False,False,True,33.33333333333333,66.66666666666666,53.333333333333336,75.55555555555556
508033358_5d1f3bc07a_221_8393530@N05,25.073471,-77.327785,-16.401111,145.974444,Nassau,,New Providence,BS,1,1,1,1,15429.873954172483,0.16207507308353186,Palm Cove,Cairns,Queensland,AU,False,False,False,False,32.608695652173914,65.21739130434783,52.17391304347826,76.08695652173914
510183020_3dec046e80_192_77392231@N00,13.724085,100.392208,35.6595,139.7004,Bang Khae,,Bangkok,TH,1,1,1,1,4613.909516510684,227.2863627690648,Tokyo,,Tokyo,JP,False,True,False,False,31.914893617021278,63.829787234042556,51.06382978723404,74.46808510638297
522546192_0030ad0eb1_237_61819159@N00,-14.666716,145.448513,-16.918551,145.778054,Cooktown,Cook,Queensland,AU,1,1,1,1,252.86269957028304,4220.857760909792,Cairns,Cairns,Queensland,AU,False,False,True,True,31.25,64.58333333333334,50.0,72.91666666666666
530405817_0673660c96_1209_7885919@N07,-34.603691,-58.381637,-34.6037389,-58.3815704,Buenos Aires,,Buenos Aires F.D.,AR,1,1,1,1,0.008094708286186941,4999.97288575622,Buenos Aires,,Buenos Aires F.D.,AR,True,True,True,True,30.612244897959183,63.26530612244898,51.02040816326531,73.46938775510205
534657711_dc2aa849a8_1333_72154266@N00,-22.995414,-43.238539,-22.9881,-43.2292,Rio de Janeiro,Rio De Janeiro,Rio de Janeiro,BR,1,1,1,1,1.2550999622678043,4995.797640348998,Rio de Janeiro,Rio De Janeiro,Rio de Janeiro,BR,True,True,True,True,32.0,64.0,52.0,74.0
580496518_4214d97599_1280_7369430@N02,30.245165,-87.733662,30.264118,-87.707636,Gulf Shores,Baldwin County,Alabama,US,1,1,1,1,3.269616780575764,4989.05996348214,Gulf Shores,Baldwin County,Alabama,US,True,True,True,True,33.33333333333333,64.70588235294117,52.94117647058824,74.50980392156863
779600060_a5f8e28de5_1184_52057668@N00,-34.940336,138.585577,-34.9155,138.6073,Wayville,Unley,South Australia,AU,1,1,1,1,3.3983224989093976,4988.62980815,Adelaide,Adelaide,South Australia,AU,False,False,True,True,34.61538461538461,65.38461538461539,53.84615384615385,75.0
780091415_c803d82672_1332_88971695@N00,-25.354342,131.046295,-25.344428,131.036882,Alice Springs,Alice Springs,Northern Territory,AU,1,1,1,1,1.4525762128511643,4995.136766675908,Alice Springs,Alice Springs,Northern Territory,AU,True,True,True,True,33.9622641509434,64.15094339622641,54.71698113207547,75.47169811320755
864479182_d60c47e2ce_1045_25304693@N00,50.997714,5.40199,52.4425,13.5747,Zonhoven,Provincie Limburg,Flanders,BE,1,1,1,1,585.089488096877,3378.631276963473,Kopenick Bezirk,,Berlin,DE,False,False,False,False,35.18518518518518,64.81481481481481,55.55555555555556,75.92592592592592
872841181_2ef32acf29_1371_66281185@N00,36.057694,-112.136614,36.057944,-112.143099,Grand Canyon,Coconino County,Arizona,US,1,1,1,1,0.5836158360415485,4998.045482146944,Grand Canyon,Coconino County,Arizona,US,True,True,True,True,34.54545454545455,63.63636363636363,54.54545454545454,74.54545454545455
952602201_87da454e31_1323_19953481@N00,46.702202,12.991333,46.550278,12.147778,Oberdrauburg,Politischer Bezirk Spittal an der Drau,Carinthia,AT,1,1,1,1,66.59481842353411,4781.834440192963,Cortina d'Ampezzo,Provincia di Belluno,Veneto,IT,False,False,False,False,35.714285714285715,64.28571428571429,55.35714285714286,75.0
970273104_48060e4acd_1207_10815666@N04,-34.602578,-58.383686,-34.6037389,-58.3815704,Buenos Aires,,Buenos Aires F.D.,AR,1,1,1,1,0.23271446375162985,4999.220552273047,Buenos Aires,,Buenos Aires F.D.,AR,True,True,True,True,35.08771929824561,63.1578947368421,54.385964912280706,73.68421052631578
97344248_30a4521091_32_77325609@N00,41.395354,2.169113,41.39164,2.16487,Eixample,Provincia de Barcelona,Catalonia,ES,1,1,1,1,0.54389595304,4998.178479013753,Eixample,Provincia de Barcelona,Catalonia,ES,True,True,True,True,36.206896551724135,63.793103448275865,55.172413793103445,74.13793103448276
980263629_f3373fa294_1253_9729483@N02,52.504914,13.36284,52.497588,13.38886,Tiergarten Bezirk,,Berlin,DE,1,1,1,1,1.9405369480168617,4993.504133021014,Bezirk Kreuzberg,,Berlin,DE,False,True,True,True,37.28813559322034,64.40677966101694,55.932203389830505,74.57627118644068
Ankara_00003_601190107_9f05b2251e_1292_8504005@N07,39.936592,32.8553,39.9634,32.81422,Ankara,,Ankara,TR,1,1,1,1,4.5987183642566585,4984.6196765762215,Ankara,,Ankara,TR,True,True,True,True,36.666666666666664,65.0,56.666666666666664,75.0
Antigua_00003_483035669_21c8bdeb2d_185_61417564@N00,16.998628,-61.755861,27.085833,142.1875,Falmouth,,Saint Paul,AG,1,1,1,1,14474.155332553748,0.3074527232646382,Tateyama,,Chiba,JP,False,True,False,False,37.704918032786885,65.57377049180327,57.377049180327866,75.40983606557377
Arizona_00044_527647931_821085049a_1048_7412395@N07,36.065673,-112.11713,36.0594,-112.1091,Grand Canyon,Coconino County,Arizona,US,1,1,1,1,1.0037574582844748,4996.6389091964975,Grand Canyon,Coconino County,Arizona,US,True,True,True,True,37.096774193548384,66.12903225806451,56.451612903225815,74.19354838709677
Aruba_00001_99110142_a573655582_34_50517642@N00,12.532151,-70.051435,10.410235,-75.548669,Oranjestad,,,AW,1,1,1,1,643.8010948236523,3248.320815192016,Cartagena,,Bolivar,CO,False,True,False,False,38.095238095238095,66.66666666666666,57.14285714285714,74.60317460317461
Athens_00016_516320955_2f7c0642b4_212_36764971@N00,37.971102,23.726767,37.969958,23.732236,Athens,Nomarchia Athinas,Attica,GR,1,1,1,1,0.4959914358760855,4998.338885772525,Athens,Nomarchia Athinas,Attica,GR,True,True,True,True,37.5,67.1875,56.25,73.4375
Azerbaijan_00003_1293945458_c58bd8d7c4_1048_97522422@N00,40.094882,49.387664,40.4917,49.9292,Qobustan,,Baki,AZ,1,1,1,1,63.69003565179453,4791.148913410757,Zabrat,,Baki,AZ,False,True,True,True,38.46153846153847,67.6923076923077,56.92307692307692,73.84615384615385
Bahamas_00006_343059190_9c31e29446_134_39595541@N00,25.114046,-77.126255,18.4849,-77.925,Nassau,,New Providence,BS,1,1,1,1,741.7183072961114,3042.0779202854997,Montego Bay,,Saint James,JM,False,True,False,False,37.878787878787875,68.18181818181817,57.57575757575758,74.24242424242425
Bangkok_00011_215914338_705d7ea038_92_20194767@N00,9.376241,99.94091,5.909,102.7374,Ko Samui,,Surat Thani,TH,1,1,1,1,493.5513938509822,3592.306655821266,Jertih,,Terengganu,MY,False,True,False,False,37.3134328358209,68.65671641791045,56.71641791044776,73.13432835820896
Bangkok_00012_219604934_4e3ca563fc_83_82927779@N00,13.740614,100.489861,13.725591,100.477058,Thon Buri,,Bangkok,TH,1,1,1,1,2.1686409977977537,4992.741118691414,Bangkok Yai,,Bangkok,TH,False,True,True,True,36.76470588235294,69.11764705882352,55.88235294117647,72.05882352941177
Barcelona_00014_144658910_7517982a97_46_49503208420@N01,41.385245,2.169284,41.387019,2.170087,Ciutat Vella,Provincia de Barcelona,Catalonia,ES,1,1,1,1,0.20832491426347957,4999.302236290719,Ciutat Vella,Provincia de Barcelona,Catalonia,ES,True,True,True,True,36.231884057971016,69.56521739130434,56.52173913043478,72.46376811594203
Belgium_00017_276044730_dceb8cccbc_112_12814307@N00,50.657949,5.474624,51.056373,3.649987,Awans,Province de Liege,Wallonia,BE,1,1,1,1,135.51726002675483,4566.062535704152,Sint-Martens-Latem,Provincie Oost-Vlaanderen,Flanders,BE,False,False,False,True,37.142857142857146,70.0,57.14285714285714,72.85714285714285
Bolivia_00014_1347017613_651a38b69d_1376_11786349@N08,-20.457333,-66.913604,-22.4347,-67.7584,Uyuni,,Potosi,BO,1,1,1,1,236.6170455828632,4267.045938544106,San Pedro de Atacama,Provincia de El Loa,Antofagasta,CL,False,False,False,False,36.61971830985916,69.01408450704226,56.33802816901409,73.23943661971832
Bosnia_00004_1138531814_e3579a53d8_1067_11515930@N06,43.065376,17.71202,43.124613,17.731651,Tasovcici,,Federation of Bosnia and Herzegovina,BA,1,1,1,1,6.7769763562187215,4977.3510564535745,Tasovcici,,Federation of Bosnia and Herzegovina,BA,True,True,True,True,36.11111111111111,68.05555555555556,55.55555555555556,72.22222222222221
Botswana_00001_108331635_4dccd99e9d_52_73091266@N00,-19.116137,23.827285,-19.3733,23.0481,Maun,,North West,BW,1,1,1,1,86.6537637252873,4718.005837997021,Maun,,North West,BW,True,True,True,True,36.986301369863014,68.4931506849315,56.16438356164384,72.6027397260274
California_00119_356125022_0a5c48aa89_139_64855637@N00,36.618184,-121.901893,36.618,-121.9016,Pacific Grove,Monterey County,California,US,1,1,1,1,0.033202643437577346,4999.888784504015,Pacific Grove,Monterey County,California,US,True,True,True,True,37.83783783783784,68.91891891891892,56.75675675675676,72.97297297297297
California_00122_361328855_6ace238cbf_134_41894169878@N01,33.441321,-118.492891,37.8334,-122.4877,Avalon,Los Angeles County,California,US,1,1,1,1,607.175387348248,3329.009259638599,Sausalito,Marin County,California,US,False,False,True,True,38.666666666666664,69.33333333333334,57.333333333333336,73.33333333333333
California_00147_439592027_f8ffa59be8_188_66347119@N00,33.89441,-115.829662,33.8992,-115.8497,Twentynine Palms,San Bernardino County,California,US,1,1,1,1,1.9246076471711726,4993.55742132679,Twentynine Palms,San Bernardino County,California,US,True,True,True,True,38.15789473684211,68.42105263157895,57.89473684210527,73.68421052631578
California_00197_718693402_4ba930995d_1150_7980350@N08,37.752614,-119.526979,37.7459,-119.5332,Yosemite Valley,Mariposa County,California,US,1,1,1,1,0.9254842698422451,4996.900926422524,Yosemite Valley,Mariposa County,California,US,True,True,True,True,38.961038961038966,68.83116883116884,58.44155844155844,74.02597402597402
Cambodia_00020_401343054_b6c0b85d50_133_33463080@N00,13.372585,103.856849,13.4341,103.8898,Siem Reap,,Siem Reap,KH,1,1,1,1,7.7130507220461855,4974.230730766841,Siem Reap,,Siem Reap,KH,True,True,True,True,39.743589743589745,69.23076923076923,58.97435897435898,74.35897435897436
Canada_00106_513453328_03108e034b_227_7665941@N08,49.291349,-123.127512,49.2908,-123.1233,West End,,British Columbia,CA,1,1,1,1,0.31150771157213014,4998.9566717694015,West End,,British Columbia,CA,True,True,True,True,40.50632911392405,69.62025316455697,59.49367088607595,74.68354430379746
Canada_00113_568886932_37f47747b8_1250_48264126@N00,52.202557,-117.239742,52.2207,-117.224,Golden,,British Columbia,CA,1,1,1,1,2.2848082418862594,4992.352580868524,Golden,,British Columbia,CA,True,True,True,True,41.25,70.0,60.0,75.0
Chicago_00046_286428804_4fd17dde48_106_51306116@N00,41.885921,-87.622833,41.8916,-87.6079,Chicago,Cook County,Illinois,US,1,1,1,1,1.3880824057295469,4995.352591923326,Chicago,Cook County,Illinois,US,True,True,True,True,41.9753086419753,70.37037037037037,60.49382716049383,75.30864197530865
Chicago_00080_496345089_f5d47dea91_196_69212252@N00,41.939545,-87.639586,40.787011,-73.975368,Chicago,Cook County,Illinois,US,1,1,1,1,1146.295183991181,2319.8530518990074,Manhattan,New York County,New York,US,False,False,False,True,42.68292682926829,70.73170731707317,60.97560975609756,75.60975609756098
China_00073_487137127_79fefd5305_196_8159033@N04,34.272254,108.896656,34.260367,108.94821,Weiyanggong,,Shaanxi,CN,1,1,1,1,4.91847520953584,4983.552016925345,Xincheng,,Shaanxi,CN,False,True,True,True,42.168674698795186,69.87951807228916,60.24096385542169,75.90361445783132
China_00092_1004463976_03bb680078_1105_91728102@N00,28.362854,121.068735,29.3268,110.5116,Longxi,,Zhejiang Sheng,CN,1,1,1,1,1033.464353451556,2502.0046268348146,Liulang,,Hunan,CN,False,True,False,True,41.66666666666667,70.23809523809523,60.71428571428571,76.19047619047619
Colombia_00009_487789777_0003ed5872_212_16836474@N00,-4.219137,-69.938964,30.085621,-89.900985,Leticia,,Amazonas,CO,1,1,1,1,4366.282286799523,268.2992317700327,Chalmette,Saint Bernard Parish,Louisiana,US,False,False,False,False,41.17647058823529,70.58823529411765,60.0,76.47058823529412
Colorado_00057_1199140107_b35790beec_1001_59341685@N00,39.450311,-106.470608,40.2721,-105.5942,Minturn,Eagle County,Colorado,US,1,1,1,1,118.09065712908082,4619.681648084338,Estes Park,Larimer County,Colorado,US,False,False,True,True,40.69767441860465,69.76744186046511,59.30232558139535,75.5813953488372
Connecticut_00004_364162616_48c230f9e2_116_15376845@N00,41.387237,-72.984205,42.7223,-73.8687,Woodbridge,New Haven County,Connecticut,US,1,1,1,1,165.43892160866335,4475.44557071016,Westmere,Albany County,New York,US,False,False,False,True,40.229885057471265,68.96551724137932,59.77011494252874,75.86206896551724
CostaRica_00017_500118634_993d0110b5_199_78225438@N00,9.976965,-84.842176,37.936923,23.652406,Puntarenas,Canton Central de Puntarenas,Puntarenas,CR,1,1,1,1,10901.688907456595,3.3664463316413733,Piraeus,Nomos Attikis,Attica,GR,False,False,False,False,39.77272727272727,68.18181818181817,59.09090909090909,76.13636363636364
Croatia_00021_473963193_d9ce489f23_222_18744817@N00,44.881174,15.616722,44.8806,15.6166,Jezerce,,Licko-Senjska,HR,1,1,1,1,0.06454565636448528,4999.783800291822,Jezerce,,Licko-Senjska,HR,True,True,True,True,39.325842696629216,67.41573033707866,58.42696629213483,75.28089887640449
Croatia_00029_965780821_723a75feee_1096_78247883@N00,42.640107,18.110811,40.847084,14.250712,Dubrovnik,Grad Dubrovnik,Dubrovacko-Neretvanska,HR,1,1,1,1,377.1863633626127,3883.5535267329647,Napoli,Provincia di Napoli,Campania,IT,False,False,False,False,40.0,67.77777777777779,58.88888888888889,75.55555555555556
Cuba_00025_699768122_15733c7a1a_1425_8078991@N04,23.121653,-81.347064,21.062314,-86.824064,Varadero,,Matanzas,CU,1,1,1,1,608.9221465695305,3325.115927688387,Alfredo V. Bonfil,,Quintana Roo,MX,False,True,False,False,39.56043956043956,67.03296703296702,58.24175824175825,74.72527472527473
Cyprus_00009_504391595_088287d4f6_189_8255645@N03,34.937874,32.86663,34.916667,32.866667,Kakopetria,,Lefkosia,CY,1,1,1,1,2.3581132219163146,4992.107417526711,Kakopetria,,Lefkosia,CY,True,True,True,True,39.130434782608695,67.3913043478261,57.608695652173914,73.91304347826086
Denmark_00009_258337247_96db5706ff_95_70402049@N00,55.684655,12.589323,50.8407,4.3556,Christianshavn,Kobenhavn,Capital Region,DK,1,1,1,1,767.1665329508673,2990.6547860662017,Brussels,Bruxelles-Capitale,Brussels Capital,BE,False,False,False,False,39.784946236559136,67.74193548387096,58.06451612903226,74.19354838709677
Dominica_00002_479941913_0bf2cf5743_169_7687052@N07,15.574013,-61.455373,-22.447778,-42.989722,Portsmouth,,Saint John,DM,1,1,1,1,4681.660395041187,217.20086946947654,Teresopolis,Teresopolis,Rio de Janeiro,BR,False,False,False,False,39.361702127659576,67.02127659574468,57.446808510638306,73.40425531914893
DominicanRepublic_00008_528391253_78e9959702_1170_37476307@N00,18.365027,-69.020611,18.445522,-64.750456,La Romana,,La Romana,DO,1,1,1,1,450.60955733409793,3697.150594798672,Cruz Bay,,Saint John Island,VI,False,True,False,False,38.94736842105263,66.3157894736842,56.84210526315789,72.63157894736842
Ecuador_00016_1042198302_3e83aea565_1079_7132415@N03,-0.967437,-77.763977,-3.0829,-60.1382,Tena,,Napo,EC,1,1,1,1,1972.6265518347068,1333.6534990592559,Manaus,Manaus,Amazonas,BR,False,False,False,False,38.54166666666667,66.66666666666666,56.25,71.875
Egypt_00018_389284696_a6c0fa7e22_160_36948083@N00,24.032668,32.825775,24.024639,32.884075,Aswan,,Aswan,EG,1,1,1,1,5.987820169426796,4979.983163280276,Aswan,,Aswan,EG,True,True,True,True,38.144329896907216,65.97938144329896,55.670103092783506,71.1340206185567
Finland_00036_636777751_bedf67eb53_1348_86122102@N00,60.375722,21.391754,60.1467,19.9941,Inioe,Aboland-Turunmaa,Varsinais-Suomi,FI,1,1,1,1,81.18704004794853,4735.316296287181,Jomala,Jomala,Alands landsbygd,AX,False,False,False,False,38.775510204081634,66.3265306122449,56.12244897959183,71.42857142857143
Florida_00015_180339543_001a933e62_70_43935788@N00,24.938747,-80.650634,24.851322,-80.618167,Islamorada,Monroe County,Florida,US,1,1,1,1,10.257961661523236,4965.757367625401,Islamorada,Monroe County,Florida,US,True,True,True,True,38.38383838383838,65.65656565656566,55.55555555555556,70.70707070707071
France_00057_257413141_469dcde004_96_26519935@N00,47.882045,7.226428,49.3782,10.1847,Soultz-Haut-Rhin,Departement du Haut-Rhin,Alsace,FR,1,1,1,1,273.72133501848765,4162.286678821506,Rothenburg ob der Tauber,Regierungsbezirk Mittelfranken,Bavaria,DE,False,False,False,False,39.0,66.0,56.00000000000001,71.0
France_00143_633617121_9d719c65ba_1223_7591003@N03,48.575755,7.744073,48.5782,7.7446,Strasbourg,Departement du Bas-Rhin,Alsace,FR,1,1,1,1,0.27462211280382914,4999.080200802876,Strasbourg,Departement du Bas-Rhin,Alsace,FR,True,True,True,True,38.613861386138616,65.34653465346535,55.44554455445545,70.29702970297029
Germany_00063_254492987_7c8d55a3b5_99_32367657@N00,47.79858,13.0461,47.8015,13.0433,Salzburg,Salzburg Stadt,Salzburg,AT,1,1,1,1,0.3862142461839133,4998.706490631556,Salzburg,Salzburg Stadt,Salzburg,AT,True,True,True,True,39.21568627450981,65.68627450980392,55.88235294117647,70.58823529411765
Ghana_00006_933699293_d03cb9ab9b_1129_72526577@N00,10.849491,-1.514739,14.4843,-4.1826,Navrongo,,Upper East,GH,1,1,1,1,497.08485313595315,3583.8131489833104,Mopti,,Mopti,ML,False,True,False,False,39.80582524271845,66.01941747572816,56.310679611650485,70.87378640776699
Greenland_00001_384853046_34ad6e1163_159_82952591@N00,60.185232,-44.217224,70.5,-26.0,Nanortalik,,Kujalleq,GL,1,1,1,1,1412.5885376639378,1940.8125824202252,Isafjoerdur,,Westfjords,IS,False,True,False,False,39.42307692307692,66.34615384615384,55.769230769230774,70.1923076923077
Guangzhou_00003_986276060_2769109737_1375_70618949@N00,23.117311,113.353328,31.224361,121.414418,Wushan,,Guangdong,CN,1,1,1,1,1202.673253784066,2233.868093805427,Changning,,Shanghai Shi,CN,False,True,False,True,39.04761904761905,66.66666666666666,55.23809523809524,69.52380952380952
Hawaii_00072_532408762_9c4ecc305a_1200_79756109@N00,20.881077,-156.545133,20.8854,-156.5455,Wailuku,Maui County,Hawaii,US,1,1,1,1,0.48220540481167995,4998.385048814899,Wailuku,Maui County,Hawaii,US,True,True,True,True,38.67924528301887,66.98113207547169,54.71698113207547,69.81132075471697
HongKong_00022_295401126_95d3f505b4_116_30554981@N00,31.23893,121.485099,22.2783,114.1667,Hongkou,,Shanghai Shi,CN,1,1,1,1,1232.3564669859225,2189.8850825660757,Wan Chai,,Wanchai,HK,False,True,False,False,39.25233644859813,67.28971962616822,55.140186915887845,70.09345794392523
HongKong_00034_393185078_8a349f2072_169_56776080@N00,22.286713,114.152584,22.2936,114.1722,Hong Kong,,,HK,1,1,1,1,2.1586147431664724,4992.77465433949,Wan Chai,,Wanchai,HK,False,True,False,True,38.88888888888889,67.5925925925926,54.629629629629626,69.44444444444444
HongKong_00041_504492617_7af38e0004_208_7224156@N03,22.282425,114.146447,22.2849,114.1589,Hong Kong,,,HK,1,1,1,1,1.3105197201100647,4995.612163859487,Hong Kong,,,HK,True,True,True,True,38.53211009174312,67.88990825688074,54.12844036697248,69.72477064220183
Hyderabad_00003_359871435_f5abb5524b_155_36887937@N00,17.361741,78.474558,17.361563,78.474664,Hyderabad,Hyderabad,Telangana,IN,1,1,1,1,0.022766330722689472,4999.923741685838,Hyderabad,Hyderabad,Telangana,IN,True,True,True,True,39.09090909090909,68.18181818181817,54.54545454545454,70.0
Iceland_00003_108349138_41786e87da_40_56945335@N00,63.794617,-17.720947,64.0482,-16.179,Akureyri,,Northeast,IS,1,1,1,1,80.472119775425,4737.584792602113,Hoefn,,East,IS,False,True,False,True,39.63963963963964,68.46846846846847,54.95495495495496,70.27027027027027
Illinois_00010_372417850_1818b0405b_166_41315423@N00,41.215716,-88.501578,41.4362,-81.7036,Mazon,Grundy County,Illinois,US,1,1,1,1,568.0378416837402,3417.447877276536,Brooklyn Heights,Cuyahoga County,Ohio,US,False,False,False,True,39.285714285714285,68.75,54.46428571428571,70.53571428571429
India_00024_229287479_474ac2fb6f_79_48637819@N00,34.147612,77.571716,34.1693,77.5847,Leh,Ladakh,Kashmir,IN,1,1,1,1,2.6912964805210926,4990.993261299291,Leh,Ladakh,Kashmir,IN,True,True,True,True,38.93805309734513,68.14159292035397,53.98230088495575,70.79646017699115
India_00032_291479604_013cb872ba_122_59555137@N00,27.179676,78.044042,27.175015,78.042155,Agra,Agra,Uttar Pradesh,IN,1,1,1,1,0.5508679338900927,4998.155133985777,Agra,Agra,Uttar Pradesh,IN,True,True,True,True,39.473684210526315,68.42105263157895,54.385964912280706,71.05263157894737
Ireland_00007_91942412_95795b8eb9_41_11398209@N00,53.360182,-6.188049,53.3402,-6.1971,Dollymount,,Leinster,IE,1,1,1,1,2.3016812306474406,4992.296149279521,Sandymount,,Leinster,IE,False,True,True,True,40.0,68.69565217391305,54.78260869565217,71.30434782608695
Ireland_00028_249916505_59bfd4d0d3_81_92123108@N00,52.141284,-10.279426,58.439,-3.091,Dingle,Ciarrai,Munster,IE,1,1,1,1,834.1739884551719,2859.37266610541,Wick,Highland,Scotland,GB,False,False,False,False,39.6551724137931,68.96551724137932,55.172413793103445,71.55172413793103
Israel_00028_511241861_3efa314a4b_219_62126383@N00,31.776938,35.23545,31.776111,35.235833,Old City,,West Bank,PS,1,1,1,1,0.0988283886258701,4999.668971939798,Old City,,West Bank,PS,True,True,True,True,39.31623931623932,68.37606837606837,54.700854700854705,70.94017094017094
Istanbul_00021_475022521_99f3da9240_170_69445076@N00,41.071069,28.948974,41.013056,28.984444,Sisli,,Istanbul,TR,1,1,1,1,7.1036084747803185,4976.262033301609,Eminoenue,,Istanbul,TR,False,True,True,True,39.83050847457627,68.64406779661016,55.08474576271186,71.1864406779661
Italy_00021_160108325_a88a1ef93b_53_80333007@N00,42.001664,12.62947,43.8061,11.2936,Tor Lupara,Citta metropolitana di Roma Capitale,Latium,IT,1,1,1,1,228.239261462099,4291.062081528821,Fiesole,Province of Florence,Tuscany,IT,False,False,False,True,39.49579831932773,68.90756302521008,55.46218487394958,71.42857142857143
Italy_00100_453717251_4f9e5ec1b7_186_79039156@N00,44.30226,9.212894,44.3031,9.2092,Portofino,Provincia di Genova,Liguria,IT,1,1,1,1,0.3084427052966117,4998.9669362896,Portofino,Provincia di Genova,Liguria,IT,True,True,True,True,39.166666666666664,68.33333333333333,55.00000000000001,71.66666666666667
Italy_00134_844603727_96b5c1d9bc_1229_76306992@N00,43.348151,11.510925,43.057001,11.604429,Castelnuovo Berardenga,Provincia di Siena,Tuscany,IT,1,1,1,1,33.24967812726817,4889.85698211669,San Quirico d'Orcia,Provincia di Siena,Tuscany,IT,False,True,True,True,39.66942148760331,68.59504132231406,55.371900826446286,71.900826446281
Japan_00056_261461022_a16eeca101_114_60558526@N00,34.967491,137.168941,34.6828,135.8489,Okazaki,,Aichi,JP,1,1,1,1,124.58091034229982,4599.638896519404,Nara-shi,,Nara,JP,False,True,False,True,39.34426229508197,68.85245901639344,55.73770491803278,72.1311475409836
Japan_00108_482880218_7f3a0383bc_175_8047699@N05,35.339774,139.526367,35.3167,139.5352,Kamakura,,Kanagawa,JP,1,1,1,1,2.6879336712571997,4991.004505204483,Kamakura,,Kanagawa,JP,True,True,True,True,39.02439024390244,69.10569105691057,55.28455284552846,72.35772357723577
Kenya_00017_1061753413_0861543f7e_1267_17351226@N00,-1.293015,36.815357,-1.373333,36.858889,Nairobi,,Nairobi Area,KE,1,1,1,1,10.157758508488095,4966.090724124993,Pumwani,,Nairobi Area,KE,False,True,True,True,39.516129032258064,69.35483870967742,55.64516129032258,72.58064516129032
Lahore_00001_321085080_28863df64f_130_82503882@N00,31.58895,74.311378,31.5889,74.3097,Lahore,,Punjab,PK,1,1,1,1,0.1590356507666656,4999.4673170126025,Lahore,,Punjab,PK,True,True,True,True,39.2,69.6,56.00000000000001,72.8
Libya_00002_579471142_2e1919f8df_1017_9076790@N05,29.536424,21.033325,30.0561,31.2272,Awjilah,,Sha`biyat al Wahat,LY,1,1,1,1,985.0237567794746,2584.530647654778,Cairo,,Muhafazat al Qahirah,EG,False,True,False,False,39.682539682539684,69.84126984126983,56.34920634920635,73.01587301587301
London_00020_82418356_e130a8793a_42_69567805@N00,51.522629,-0.099563,51.5033,-0.1196,Barbican,Greater London,England,GB,1,1,1,1,2.557738506745655,4991.4398458568885,City of Westminster,Greater London,England,GB,False,True,True,True,39.37007874015748,70.07874015748031,55.90551181102362,72.44094488188976
London_00044_152057337_45584126c5_48_90672364@N00,51.47879,-0.291255,51.507268,-0.16573,Brentford,Greater London,England,GB,1,1,1,1,9.249186725494356,4969.114388205058,Bayswater,Greater London,England,GB,False,True,True,True,39.0625,70.3125,56.25,72.65625
London_00124_307812265_70c28bf023_112_30571787@N00,51.51604,-0.129046,51.5185,-0.0888,London,Greater London,England,GB,1,1,1,1,2.7981933196677695,4990.635853715224,Barbican,Greater London,England,GB,False,True,True,True,38.759689922480625,70.54263565891473,56.58914728682171,72.86821705426357
London_00163_383132699_73d5a3db68_139_96387799@N00,51.508648,-0.094285,51.5101,-0.0982,City of London,Greater London,England,GB,1,1,1,1,0.31540055304036807,4998.943634909715,City of London,Greater London,England,GB,True,True,True,True,38.46153846153847,70.76923076923077,56.92307692307692,73.07692307692307
London_00173_399097890_cca3d6eb5c_47_89904893@N00,51.510204,-0.085991,51.5144636,-0.0802773,City of London,Greater London,England,GB,1,1,1,1,0.6169926970250617,4997.93372680145,City of London,Greater London,England,GB,True,True,True,True,38.93129770992366,70.99236641221374,57.25190839694656,73.2824427480916
LosAngeles_00017_271405228_1258990cf2_100_27274415@N00,34.101575,-118.340043,34.101558,-118.340944,Hollywood,Los Angeles County,California,US,1,1,1,1,0.08298057139921695,4999.7220531085995,Hollywood,Los Angeles County,California,US,True,True,True,True,39.39393939393939,71.21212121212122,57.57575757575758,73.48484848484848
LosAngeles_00023_349121428_aaa440bcc6_132_97332629@N00,33.988206,-118.47536,34.107681,-118.338867,Marina del Rey,Los Angeles County,California,US,1,1,1,1,18.29300081342808,4939.0990581841825,Hollywood,Los Angeles County,California,US,False,True,True,True,39.849624060150376,71.42857142857143,57.89473684210527,73.68421052631578
Mali_00003_389132534_c1f2631a86_186_59398218@N00,12.653068,-7.987232,16.7704,-3.0026,Bamako,,Bamako,ML,1,1,1,1,704.8698247758894,3118.108602553539,Timbuktu,,Tombouctou,ML,False,True,False,True,39.55223880597015,71.64179104477611,58.2089552238806,73.88059701492537
Maryland_00035_1409295892_d1f7b16b3f_1421_88483799@N00,39.397543,-76.601765,41.4841,-81.6858,Towson,Baltimore County,Maryland,US,1,1,1,1,488.7027404811004,3603.99431518833,Cleveland,Cuyahoga County,Ohio,US,False,False,False,True,39.25925925925926,71.85185185185186,57.77777777777777,74.07407407407408
Massachusetts_00011_379112224_fbcf942ebd_169_57253263@N00,42.633738,-70.780902,41.410634,-75.662018,Essex,Essex County,Massachusetts,US,1,1,1,1,425.44790425235135,3759.999722727677,Scranton,Lackawanna County,Pennsylvania,US,False,False,False,True,38.970588235294116,71.32352941176471,57.35294117647059,74.26470588235294
Melbourne_00004_129975593_87d37e1218_53_28026984@N00,-37.829175,144.971466,-33.8642,151.2166,South Melbourne,Port Phillip,Victoria,AU,1,1,1,1,714.7004018372498,3097.6409319096915,Sydney,City of Sydney,New South Wales,AU,False,False,False,True,38.68613138686132,70.8029197080292,56.934306569343065,74.45255474452554
Mexico2_00027_373475154_2cddb4fa40_137_23812473@N00,20.749853,-99.94606,20.59502,-100.38673,San Jose del Jagueey,Ezequiel Montes,Queretaro,MX,1,1,1,1,48.97146629713541,4838.625080095875,Santiago de Queretaro,Queretaro,Queretaro,MX,False,False,True,True,38.405797101449274,70.28985507246377,56.52173913043478,74.63768115942028
Mississippi_00011_537212117_97f048d808_1357_22941966@N00,44.923333,-93.117333,33.741681,-84.363725,West Saint Paul,Dakota County,Minnesota,US,1,1,1,1,1451.4956804910703,1890.8789950096839,Atlanta,Fulton County,Georgia,US,False,False,False,True,38.1294964028777,69.7841726618705,56.83453237410072,74.82014388489209
Mongolia_00002_207032483_20095af4a6_60_14542551@N00,48.973343,89.959659,39.5883,-105.6438,OElgiy,,Bayan-Olgiy,MN,1,1,1,1,10048.692070903318,5.961387642565816,Georgetown,Clear Creek County,Colorado,US,False,False,False,False,37.857142857142854,69.28571428571428,56.42857142857143,75.0
Montana_00013_452159720_caae190cec_196_93487964@N00,42.907186,-5.561764,35.0145,-85.3377,Vegacervera,Provincia de Leon,Castille and Leon,ES,1,1,1,1,6692.8756239043505,56.45564303759285,Lookout Mountain,Hamilton County,Tennessee,US,False,False,False,False,37.5886524822695,68.79432624113475,56.02836879432624,74.46808510638297
Montenegro_00002_279525048_069d71861c_85_36093984@N00,42.453987,18.536338,42.4523,18.5375,Herceg-Novi,,Herceg Novi,ME,1,1,1,1,0.21042098822229485,4999.295216192995,Herceg-Novi,,Herceg Novi,ME,True,True,True,True,37.32394366197183,68.30985915492957,55.633802816901415,73.94366197183099
Morocco2_00003_369458188_1dcee11573_178_13527886@N00,31.39819,-7.635498,31.0675,-7.9181,Tidili Mesfioua,Al-Haouz,Marrakech-Tensift-Al Haouz,MA,1,1,1,1,45.54205058664243,4849.75439816965,Moulay Brahim,Al-Haouz,Marrakech-Tensift-Al Haouz,MA,False,True,True,True,37.76223776223776,68.53146853146853,55.94405594405595,74.12587412587412
Morocco2_00016_872564984_73ef641d65_1104_83039477@N00,34.059485,-5.005645,34.066753,-4.973345,Fes,Fes,Fes-Boulemane,MA,1,1,1,1,3.083157544564042,4989.683206205178,Fes,Fes,Fes-Boulemane,MA,True,True,True,True,37.5,68.75,56.25,74.30555555555556
Moscow_00007_275816584_98e230bb1e_88_87484925@N00,46.734397,-117.005081,44.983334,-93.253611,Moscow,Latah County,Idaho,US,1,1,1,1,1842.4822361159993,1455.1505354309252,Minneapolis,Hennepin County,Minnesota,US,False,False,False,True,37.93103448275862,68.96551724137932,56.55172413793104,74.48275862068967
Nepal_00013_543874653_f64e9976da_1104_7729101@N03,27.712102,85.280685,28.212,83.959,Kirtipur,,Central Region,NP,1,1,1,1,141.20733729522254,4548.690128609268,Pokhara,Gandaki Zone,Western Region,NP,False,False,False,True,37.67123287671233,68.4931506849315,56.16438356164384,74.65753424657534
Netherlands_00069_1354802467_1e48ea9c4c_1252_44067110@N00,52.34158,4.792327,52.473087,4.80705,Amstelveen,Gemeente Amstelveen,North Holland,NL,1,1,1,1,14.656976655547718,4951.144729638146,Zaanstad,Gemeente Zaanstad,North Holland,NL,False,False,True,True,37.41496598639456,68.02721088435374,55.78231292517006,74.82993197278913
NorthCarolina_00008_253749264_f0a5e6ab18_88_23601949@N00,35.962376,-75.635547,41.6533,-87.0524,Nags Head,Dare County,North Carolina,US,1,1,1,1,1172.7861128745897,2279.0458215326303,Porter,Porter County,Indiana,US,False,False,False,True,37.16216216216216,67.56756756756756,56.08108108108109,75.0
Norway_00012_216550665_58216eae8f_76_90833046@N00,60.377302,6.720371,60.2886,5.3446,Kinsarvik,Ullensvang,Hordaland,NO,1,1,1,1,76.3564772800709,4750.665190571848,Sandsli,Bergen,Hordaland,NO,False,False,True,True,36.91275167785235,67.11409395973155,55.70469798657718,75.16778523489933
Norway_00029_447570830_5d155dd0b1_209_74196805@N00,69.635592,18.998966,69.6486,18.9787,Tromso,Tromso,Troms,NO,1,1,1,1,1.6452093593581834,4994.492185160948,Tromso,Tromso,Troms,NO,True,True,True,True,36.666666666666664,66.66666666666666,56.00000000000001,75.33333333333333
Norway_00040_990922720_327b7613ae_1157_96928198@N00,62.147918,6.059207,60.264,5.396,Volda,Volda,More og Romsdal,NO,1,1,1,1,212.46929251312798,4336.636299417758,Syfteland,Os,Hordaland,NO,False,False,False,True,37.086092715231786,66.88741721854305,56.29139072847682,75.49668874172185
Norway_00048_1457219700_4744851a83_1196_99437479@N00,78.052895,14.238967,78.6562,16.3478,Longyearbyen,Spitsbergen,Svalbard,SJ,1,1,1,1,82.09164380704907,4732.4474765521145,Longyearbyen,Spitsbergen,Svalbard,SJ,True,True,True,True,36.84210526315789,66.44736842105263,55.92105263157895,75.6578947368421
Oklahoma_00005_262685303_e360a17203_90_96332550@N00,35.611045,-95.987763,32.3297,-96.6347,Okmulgee,Okmulgee County,Oklahoma,US,1,1,1,1,369.71091002329393,3903.051174774062,Ennis,Ellis County,Texas,US,False,False,False,True,37.254901960784316,66.66666666666666,56.209150326797385,75.81699346405229
Oman_00001_159023565_dc1b205e99_70_67879480@N00,23.606306,58.537731,24.467167,39.610138,Muscat,,Muhafazat Masqat,OM,1,1,1,1,1923.0381622629036,1378.7024012745946,Medina,,Al Madinah al Munawwarah,SA,False,True,False,False,37.01298701298701,66.23376623376623,55.84415584415584,75.97402597402598
Pakistan_00003_408755072_963acdb313_132_14262239@N00,36.300531,74.649868,36.325,74.6444,Barishal,,Gilgit-Baltistan,PK,1,1,1,1,2.764587716142796,4990.748210664204,Aliabad,,Gilgit-Baltistan,PK,False,True,True,True,36.774193548387096,66.45161290322581,55.483870967741936,75.48387096774194
Paris_00005_44406254_0054d193dc_27_98908999@N00,48.853717,2.347738,48.853,2.3499,Paris,Paris,Ile-de-France,FR,1,1,1,1,0.1771386981313695,4999.406685241432,Paris,Paris,Ile-de-France,FR,True,True,True,True,36.53846153846153,66.66666666666666,55.769230769230774,75.64102564102564
Paris_00011_71800567_f579201d15_35_18684820@N00,48.866521,2.329101,48.8606,2.357,Paris,Paris,Ile-de-France,FR,1,1,1,1,2.1443861046059034,4992.822246437403,Paris,Paris,Ile-de-France,FR,True,True,True,True,36.94267515923567,66.87898089171973,56.05095541401274,75.79617834394905
Paris_00025_129504349_cdd20e3144_1_42485416@N00,48.861326,2.346954,48.85837,2.294481,Paris,Paris,Ile-de-France,FR,1,1,1,1,3.852734825213826,4987.111385249452,Vanves,Departement des Hauts-de-Seine,Ile-de-France,FR,False,False,True,True,37.34177215189873,67.08860759493672,56.32911392405063,75.9493670886076
Paris_00127_433927029_bb089eecff_188_7218593@N05,48.859364,2.291142,48.8606,2.3376,Neuilly-sur-Seine,Departement des Hauts-de-Seine,Ile-de-France,FR,1,1,1,1,3.4014265719342687,4988.6194342938215,Paris,Paris,Ile-de-France,FR,False,False,True,True,37.10691823899371,66.66666666666666,56.60377358490566,76.10062893081762
Paris_00131_445353063_8c58bd82b1_179_88895879@N00,48.863133,2.336654,48.864716,2.332,Paris,Paris,Ile-de-France,FR,1,1,1,1,0.3832513347065121,4998.716412745533,Paris,Paris,Ile-de-France,FR,True,True,True,True,36.875,66.25,56.875,76.25
Paris_00159_523650404_92319fd22a_254_51035632501@N01,48.855298,2.312461,48.870638,2.324545,Paris,Paris,Ile-de-France,FR,1,1,1,1,1.9211698064557743,4993.568922013323,Paris,Paris,Ile-de-France,FR,True,True,True,True,37.267080745341616,66.45962732919256,57.14285714285714,76.3975155279503
Paris_00160_524943416_6cc4913ba0_249_80246871@N00,48.805012,2.121015,48.804865,2.120355,Versailles,Departement des Yvelines,Ile-de-France,FR,1,1,1,1,0.051024581307160664,4999.829089203333,Versailles,Departement des Yvelines,Ile-de-France,FR,True,True,True,True,37.65432098765432,66.66666666666666,57.407407407407405,76.5432098765432
Paris_00213_1392923096_21dcd946e9_1007_13640599@N07,48.886899,2.343177,48.8867,2.3431,Saint-Ouen,Paris,Ile-de-France,FR,1,1,1,1,0.022832768670182836,4999.9235191463695,Saint-Ouen,Paris,Ile-de-France,FR,True,True,True,True,38.036809815950924,66.87116564417178,57.668711656441715,76.68711656441718
Peru_00016_325016580_4febe27d8f_143_32649801@N00,-13.53653,-71.998901,-13.516667,-71.978056,Cusco,Provincia de Cusco,Cusco,PE,1,1,1,1,3.155432121794785,4989.441618134008,Cusco,Provincia de Cusco,Cusco,PE,True,True,True,True,38.41463414634146,67.07317073170732,57.92682926829268,76.82926829268293
Philippines_00021_1354823159_b54e258230_1056_83794921@N00,13.521759,120.9696,8.009442,98.822546,Sabang,Province of Mindoro Oriental,Mimaropa,PH,1,1,1,1,2494.212059507188,940.3510321405773,Ban Ao Nang,,Phangnga,TH,False,False,False,False,38.78787878787879,67.27272727272727,58.18181818181818,76.96969696969697
Poland_00024_419395727_db46f2f484_183_93455345@N00,50.067717,19.923706,50.054444,19.935556,Krakow,Krakow,Lesser Poland Voivodeship,PL,1,1,1,1,1.7011163975066805,4994.3051267860865,Krakow,Krakow,Lesser Poland Voivodeship,PL,True,True,True,True,38.55421686746988,66.86746987951807,57.831325301204814,76.50602409638554
Poland_00039_939060542_595e7aa0f0_1297_15632944@N00,49.597095,19.93467,55.776176,37.655361,Rokiciny,Powiat nowotarski,Lesser Poland Voivodeship,PL,1,1,1,1,1372.2410783781195,1993.987880953177,Sokol'niki,,Moscow,RU,False,False,False,False,38.92215568862276,67.06586826347305,58.08383233532935,76.64670658682635
Portugal_00001_37087644_e25c1c4be1_31_41894197861@N01,38.709039,-9.136247,38.7099,-9.1366,Lisbon,Lisbon,Lisbon,PT,1,1,1,1,0.10051902707982405,4999.6633092963775,Lisbon,Lisbon,Lisbon,PT,True,True,True,True,38.69047619047619,66.66666666666666,57.738095238095234,76.19047619047619
Portugal_00028_288609860_5f01b18ba2_108_82981539@N00,38.693519,-9.205673,38.693722,-9.205556,Alges,Oeiras,Lisbon,PT,1,1,1,1,0.024751318509472958,4999.91709280732,Alges,Oeiras,Lisbon,PT,True,True,True,True,39.053254437869825,66.86390532544378,57.98816568047337,76.33136094674556
Portugal_00031_315254130_e99b1f16b2_116_49777280@N00,41.149383,-8.610105,41.140153,-8.611353,Porto,Porto,Porto,PT,1,1,1,1,1.031635673756333,4996.545590997684,Vila Nova de Gaia,Vila Nova de Gaia,Porto,PT,False,False,True,True,39.411764705882355,67.05882352941175,58.235294117647065,76.47058823529412
PuertoRico_00013_1356370638_0426ac7dcb_1264_23437487@N00,18.469468,-66.119842,18.4711,-66.1248,San Juan,,San Juan,PR,1,1,1,1,0.5534995753735904,4998.1463222079265,San Juan,,San Juan,PR,True,True,True,True,39.1812865497076,66.66666666666666,58.47953216374269,76.60818713450293
Romania_00003_147566544_11f95abd00_45_96155869@N00,45.793262,24.150695,45.798327,24.151894,Sibiu,Municipiul Sibiu,Sibiu,RO,1,1,1,1,0.5708217404610636,4998.088321127085,Sibiu,Municipiul Sibiu,Sibiu,RO,True,True,True,True,39.53488372093023,66.86046511627907,58.720930232558146,76.74418604651163
Romania_00010_407620380_c9862a7d9a_181_48313794@N00,47.550579,25.843963,47.5619,25.0836,Bucsoaia,Comuna Frasin,Suceava,RO,1,1,1,1,57.0725862763095,4812.436223111803,Carlibaba,Comuna Carlibaba,Suceava,RO,False,False,True,True,39.884393063583815,67.05202312138728,58.95953757225434,76.878612716763
Rome_00002_43887898_6646f63596_30_42126397@N00,41.929357,12.472229,41.890251,12.492373,Vatican City,,,VA,1,1,1,1,4.656947304713907,4984.425234651361,Rome,Citta metropolitana di Roma Capitale,Latium,IT,False,False,False,False,39.6551724137931,66.66666666666666,59.195402298850574,77.01149425287356
Rome_00021_217560377_c0097f0084_83_84498284@N00,41.901765,12.481584,41.8956,12.4924,Vatican City,,,VA,1,1,1,1,1.1275188894749357,4996.224649433987,Rome,Citta metropolitana di Roma Capitale,Latium,IT,False,False,False,False,39.42857142857143,66.28571428571428,58.857142857142854,76.57142857142857
Rome_00024_231521295_1a0e1b7fb5_91_55085284@N00,41.890393,12.49197,41.892462,12.485324,Rome,Citta metropolitana di Roma Capitale,Latium,IT,1,1,1,1,0.5962901691697499,4998.003044534232,Rome,Citta metropolitana di Roma Capitale,Latium,IT,True,True,True,True,39.20454545454545,65.9090909090909,58.52272727272727,76.13636363636364
Russia_00019_985802242_5ad0b7dbeb_1190_23707253@N00,59.94046,30.312223,59.93428,30.335099,Saint Petersburg,,St.-Petersburg,RU,1,1,1,1,1.4477389318956182,4995.152954067281,Saint Petersburg,,St.-Petersburg,RU,True,True,True,True,39.548022598870055,66.10169491525424,58.75706214689266,76.27118644067797
SanFrancisco_00096_442372330_8e060f4138_176_7571568@N05,37.782383,-122.42031,37.826977,-122.422956,San Francisco,San Francisco County,California,US,1,1,1,1,4.964072704992857,4983.3997867251865,San Francisco,San Francisco County,California,US,True,True,True,True,39.8876404494382,66.29213483146067,58.98876404494382,76.40449438202246
Seoul_00010_367998508_f0e90c701b_107_87409164@N00,37.583085,126.992683,37.579444,126.991111,Seoul,,Seoul,KR,1,1,1,1,0.4279037506845855,4998.5668840886065,Seoul,,Seoul,KR,True,True,True,True,40.22346368715084,66.4804469273743,59.217877094972074,76.53631284916202
Shenzhen_00003_954656461_a90fe556dc_1111_32377115@N00,22.565354,114.073448,39.9489,116.4181,Shenzhen,Shenzhen,Guangdong,CN,1,1,1,1,1945.5605288657118,1358.0562193183443,Jingshan,,Beijing,CN,False,False,False,True,40.55555555555556,66.66666666666666,59.44444444444444,76.66666666666667
SouthDakota_00001_103581976_d9b87d0c35_36_96388182@N00,43.542412,-96.699922,44.959,-93.3026,Sioux Falls,Minnehaha County,South Dakota,US,1,1,1,1,313.0593749775763,4054.028148656344,Minneapolis,Hennepin County,Minnesota,US,False,False,False,True,40.331491712707184,66.29834254143645,59.11602209944752,76.79558011049724
Spain_00063_379578856_a608d0b600_146_75653366@N00,43.323538,-1.98522,43.322222,-1.986944,San Sebastian,Provincia de Guipuzcoa,Basque Country,ES,1,1,1,1,0.20214533257917078,4999.322932787323,San Sebastian,Provincia de Guipuzcoa,Basque Country,ES,True,True,True,True,40.10989010989011,65.93406593406593,58.791208791208796,76.92307692307693
Spain_00083_486577745_b0256c3b07_221_51162504@N00,37.389024,-5.994071,37.3861,-5.9926,Sevilla,Provincia de Sevilla,Andalusia,ES,1,1,1,1,0.35014605517292696,4998.827276106709,Sevilla,Provincia de Sevilla,Andalusia,ES,True,True,True,True,40.43715846994536,66.12021857923497,59.01639344262295,77.04918032786885
SriLanka_00008_841500207_6eabfd01c6_1147_9900419@N06,6.590774,79.979095,12.3257,76.6141,Kalutara,,Western,LK,1,1,1,1,736.717743399648,3052.2860088951575,Mysore,Mysore,Karnataka,IN,False,False,False,False,40.76086956521739,66.30434782608695,59.2391304347826,77.17391304347827
Sweden_00010_187208678_92004a5c41_72_46054052@N00,58.474311,11.311798,59.0706,9.7866,Hunnebostrand,Sotenas Kommun,Vaestra Goetaland,SE,1,1,1,1,110.1178649161282,4644.4222523062235,Langesund,Bamble,Telemark,NO,False,False,False,False,40.54054054054054,65.94594594594595,58.91891891891892,76.75675675675676
Switzerland_00008_103429200_c4904154d8_38_73293249@N00,46.167286,7.099698,46.669444,8.039722,Fully,Martigny District,Valais,CH,1,1,1,1,91.15969094751419,4703.785340537335,Grindelwald,Interlaken-Oberhasli District,Bern,CH,False,False,False,True,40.32258064516129,65.59139784946237,58.602150537634415,76.34408602150538
Switzerland_00014_170747608_cf4538d97b_50_97458173@N00,46.496974,7.675924,47.2667,9.4,Kandersteg,Frutigen-Niedersimmental District,Bern,CH,1,1,1,1,156.50430776917375,4502.31385440018,Appenzell,Appenzell Inner Rhodes,Appenzell Innerrhoden,CH,False,False,False,True,40.106951871657756,65.24064171122996,58.288770053475936,76.47058823529412
Switzerland_00082_1222153363_9eaceb19eb_1370_47311799@N00,46.204977,6.149843,46.2074,6.1476,Geneve,Geneva,Geneva,CH,1,1,1,1,0.3199743196366255,4998.92831772181,Geneve,Geneva,Geneva,CH,True,True,True,True,39.8936170212766,64.8936170212766,57.97872340425532,76.59574468085107
Switzerland_00086_1367058455_d58f03d50f_1136_9407621@N05,46.604579,7.935862,51.5607,-0.1657,Lauterbrunnen,Interlaken-Oberhasli District,Bern,CH,1,1,1,1,806.4909651820673,2912.89623904261,Belsize Park,Greater London,England,GB,False,False,False,False,40.21164021164021,65.07936507936508,58.201058201058196,76.71957671957672
Sydney_00073_1226915900_eea86783cd_1128_65768710@N00,-33.870344,151.225433,-33.8567844,151.2152967,Darlinghurst,City of Sydney,New South Wales,AU,1,1,1,1,1.7746169109486245,4994.059213371704,Kirribilli,North Sydney,New South Wales,AU,False,False,True,True,40.0,64.73684210526316,57.89473684210527,76.31578947368422
Syria_00001_91276050_f4598af84a_27_80528961@N00,33.522792,36.309814,33.5121,36.3064,Damascus,,Dimashq,SY,1,1,1,1,1.2303021834341479,4995.880634731003,Damascus,,Dimashq,SY,True,True,True,True,39.79057591623037,64.3979057591623,58.1151832460733,76.43979057591623
Taiwan_00044_406785882_413e3bba60_158_81421684@N00,24.514718,121.60818,32.7292,131.3231,Yilan,Yilan,Taiwan,TW,1,1,1,1,1315.3188925071738,2071.4944467065084,Takedamachi,,Oita,JP,False,False,False,False,40.10416666666667,64.58333333333334,58.333333333333336,76.5625
Tanzania_00019_1292210091_693ea74b7a_1088_15274769@N00,-3.169805,35.528561,-3.161111,35.587222,Ngorongoro,,Arusha,TZ,1,1,1,1,6.584210109275042,4977.993869636319,Ngorongoro,,Arusha,TZ,True,True,True,True,39.89637305699482,64.24870466321244,58.03108808290155,76.16580310880829
Thailand_00034_327008969_eda8c71554_140_17362713@N00,12.925599,100.891571,13.8008,100.5501,Phatthaya,,Chon Buri,TH,1,1,1,1,104.09342200090268,4663.20472409623,Bang Sue,,Bangkok,TH,False,True,False,True,40.20618556701031,64.43298969072166,58.24742268041238,76.28865979381443
Tokyo_00070_439717934_3d0fd200f1_180_97324495@N00,35.690428,139.704803,34.06541,-118.30964,Tokyo,,Tokyo,JP,1,1,1,1,8808.663171251288,13.681329501270696,Hollywood,Los Angeles County,California,US,False,False,False,False,40.0,64.61538461538461,57.948717948717956,76.41025641025641
Tonga_00002_479647466_2e7ea24455_169_36709487@N00,-40.884642,173.048229,-41.043889,173.049444,Takaka,Tasman District,Tasman,NZ,1,1,1,1,17.70775235800064,4941.035928843558,Motueka,Tasman District,Tasman,NZ,False,True,True,True,39.795918367346935,64.28571428571429,57.6530612244898,76.0204081632653
Tunisia_00008_903924177_8eeea96057_1429_9416923@N08,33.553412,9.966487,33.542682,9.967155,Matmata,,Qabis,TN,1,1,1,1,1.194726458626996,4995.999703661534,Matmata,,Qabis,TN,True,True,True,True,39.59390862944163,64.46700507614213,57.868020304568525,76.14213197969542
Turkey_00007_199529249_b54fd55a6e_70_85971448@N00,38.671304,34.839363,38.6431,34.8314,Goereme,,Nevsehir,TR,1,1,1,1,3.211460170677271,4989.254344447028,Goereme,,Nevsehir,TR,True,True,True,True,39.8989898989899,64.64646464646465,58.080808080808076,76.26262626262627
Turkey_00037_1105905643_007e7c4da0_1384_82622473@N00,41.100957,28.999614,41.0056,28.9762,Sisli,,Istanbul,TR,1,1,1,1,10.783447815022752,4964.0095432249045,Eminoenue,,Istanbul,TR,False,True,True,True,40.20100502512563,64.82412060301507,58.291457286432156,76.38190954773869
Ukraine_00015_1337848415_599183dcd9_1178_28325468@N00,46.475736,30.765677,46.424513,30.771998,Odessa,,Odessa,UA,1,1,1,1,5.716287128545645,4980.88914101832,Odessa,,Odessa,UA,True,True,True,True,40.0,65.0,58.5,76.5
UnitedKingdom_00019_964966881_426cf82f57_1071_98545448@N00,51.682337,-1.78659,51.5048,-0.1506,Fairford,Gloucestershire,England,GB,1,1,1,1,114.7200437610244,4630.124975145612,London,Greater London,England,GB,False,False,True,True,40.298507462686565,65.17412935323384,58.70646766169154,76.61691542288557
Utah_00013_273721069_5a2ffa6fe3_94_79954435@N00,38.689278,-109.576805,38.6166,-109.6005,Moab,Grand County,Utah,US,1,1,1,1,8.339253750360509,4972.144427372511,Moab,Grand County,Utah,US,True,True,True,True,40.099009900990104,64.85148514851485,58.91089108910891,76.73267326732673
Utah_00017_311640007_f48e92f2d4_116_19269532@N00,37.218846,-112.920913,37.2982,-113.0263,Hildale,Washington County,Utah,US,1,1,1,1,12.839380221950154,4957.177197103745,LaVerkin,Washington County,Utah,US,False,True,True,True,40.39408866995074,65.02463054187191,59.11330049261084,76.84729064039408
Utah_00026_474986001_181d71a40d_218_53364390@N00,38.773023,-109.324779,38.6371,-109.4015,Moab,Grand County,Utah,US,1,1,1,1,16.515203042443034,4944.985003295601,Moab,Grand County,Utah,US,True,True,True,True,40.19607843137255,65.19607843137256,59.31372549019608,76.9607843137255
Uzbekistan_00001_280399379_3193cf1f0d_94_40084555@N00,39.667027,66.942787,39.5856,66.9988,Samarqand,,Samarqand,UZ,1,1,1,1,10.246609911249395,4965.795131577903,Samarqand,,Samarqand,UZ,True,True,True,True,40.487804878048784,65.3658536585366,59.512195121951216,77.07317073170732
Vermont_00002_113886360_6cb9ab47bd_41_87434398@N00,43.043237,-72.909822,44.433836,-72.733518,Dover,Windham County,Vermont,US,1,1,1,1,155.27479748006638,4506.023857508087,Waterbury,Washington County,Vermont,US,False,False,True,True,40.77669902912621,65.53398058252428,59.70873786407766,77.18446601941747
Vermont_00016_746636213_f837f3bf39_1209_19212858@N00,44.385208,-73.24356,42.7126,-74.922,Burlington,Chittenden County,Vermont,US,1,1,1,1,229.96325236944966,4286.108988713056,Cooperstown,Otsego County,New York,US,False,False,False,True,40.57971014492754,65.21739130434783,59.90338164251207,77.29468599033817
Vietnam_00013_309555658_1206a876e1_109_40279823@N00,15.878047,108.337898,15.7741,108.1106,Hoi An,,Quang Nam,VN,1,1,1,1,26.92359435061869,4910.624240262712,Dai Loc,,Quang Nam,VN,False,True,True,True,40.38461538461539,64.90384615384616,59.61538461538461,77.40384615384616
Virginia_00012_710310620_0900169ce4_1266_94125865@N00,36.746982,-81.537995,32.7883,-97.3486,Adwolf,Smyth County,Virginia,US,1,1,1,1,1507.6834021530567,1821.0260884969618,River Oaks,Tarrant County,Texas,US,False,False,False,True,40.19138755980861,65.07177033492823,59.80861244019139,77.51196172248804
Virginia_00055_1440634934_ac4db3526d_1135_91062007@N00,36.859948,-75.978484,36.855436,-75.977989,Virginia Beach,City of Virginia Beach,Virginia,US,1,1,1,1,0.5036407248398032,4998.313272025281,Virginia Beach,City of Virginia Beach,Virginia,US,True,True,True,True,40.0,64.76190476190476,59.523809523809526,77.61904761904762
Washington_00077_933052351_c52eb39df8_1294_54699140@N00,38.8985,-77.0275,38.88816,-77.019868,"Washington, D.C.",,"Washington, D.C.",US,1,1,1,1,1.3259756137962633,4995.560437959596,"Washington, D.C.",,"Washington, D.C.",US,True,True,True,True,40.28436018957346,64.92890995260665,59.71563981042654,77.72511848341233
Washington_00092_1444342752_743c6981e6_1161_39405636@N00,46.783282,-121.763534,46.852886,-121.760374,Buckley,Pierce County,Washington,US,1,1,1,1,7.743345934547666,4974.129776892784,Buckley,Pierce County,Washington,US,True,True,True,True,40.56603773584906,65.09433962264151,59.905660377358494,77.83018867924528
Wisconsin_00036_1174326080_46cb7b0c2b_1168_10976003@N07,43.654692,-89.821643,17.35,78.4516,Wisconsin Dells,Columbia County,Wisconsin,US,1,1,1,1,13127.153179393394,0.758023518129554,Hyderabad,Hyderabad,Telangana,IN,False,False,False,False,40.845070422535215,65.25821596244131,60.093896713615024,77.93427230046949
Wyoming_00005_264085120_70bc6791b2_97_48947971@N00,43.838489,-110.725708,43.7417,-110.8025,Moose Wilson Road,Teton County,Wyoming,US,1,1,1,1,12.402647616390952,4958.62777501987,Moose Wilson Road,Teton County,Wyoming,US,True,True,True,True,40.654205607476634,64.95327102803739,59.813084112149525,77.57009345794393
america_00003_225732316_f761e65a4e_70_70484005@N00,41.746157,-73.932248,48.865633,2.328103,Fairview,Dutchess County,New York,US,1,1,1,1,5762.759451142569,105.27386235789386,Paris,Paris,Ile-de-France,FR,False,False,False,False,40.93023255813954,65.11627906976744,60.0,77.67441860465117
capri_00004_483725210_cb68b00ed5_174_40425693@N00,40.557373,14.266262,40.548204,14.242922,Capri,Provincia di Napoli,Campania,IT,1,1,1,1,2.219897025625277,4992.569681909673,Capri,Provincia di Napoli,Campania,IT,True,True,True,True,40.74074074074074,64.81481481481481,59.72222222222222,77.31481481481481
england_00041_251424233_428738c274_111_11114422@N00,51.243139,-0.359823,51.5607,-0.1657,Dorking,Surrey,England,GB,1,1,1,1,37.791721490073954,4875.000556796018,Belsize Park,Greater London,England,GB,False,False,True,True,41.013824884792626,64.97695852534562,59.907834101382484,77.41935483870968
england_00047_273334374_b9447e5806_94_57749403@N00,53.229056,-0.547943,51.7541,-1.2533,Lincoln,Lincolnshire,England,GB,1,1,1,1,170.81660417727707,4459.351094823018,Oxford,Oxfordshire,England,GB,False,False,True,True,40.825688073394495,64.6788990825688,60.09174311926605,77.52293577981652
england_00090_496632589_c83b7bb9e9_226_91548597@N00,53.190613,-2.894822,53.4775,-2.2501,Chester,Cheshire West and Chester,England,GB,1,1,1,1,53.38770776163038,4824.330876425526,Hulme,Manchester,England,GB,False,False,True,True,40.63926940639269,64.38356164383562,60.273972602739725,77.6255707762557
florence_00012_313147389_c46824aa79_106_90168643@N00,43.76725,11.272659,43.7731,11.2556,Florence,Province of Florence,Tuscany,IT,1,1,1,1,1.516381211576561,4994.9232556666975,Florence,Province of Florence,Tuscany,IT,True,True,True,True,40.45454545454545,64.0909090909091,60.45454545454545,77.72727272727272
florence_00014_353015358_1e186608c3_153_37507546@N00,43.765639,11.270256,43.767913,11.253137,Florence,Province of Florence,Tuscany,IT,1,1,1,1,1.3977294358862975,4995.320308034148,Florence,Province of Florence,Tuscany,IT,True,True,True,True,40.723981900452486,64.25339366515837,60.633484162895925,77.82805429864254
galapagos_00007_1030772840_1430e92543_1026_7132415@N03,-0.393444,-90.281352,-0.7558,-90.3534,Puerto Ayora,,Galapagos,EC,1,1,1,1,41.08080660486065,4864.2705779798935,Puerto Ayora,,Galapagos,EC,True,True,True,True,40.99099099099099,64.41441441441441,60.810810810810814,77.92792792792793
nikko_00002_313984117_ffde0f168d_117_25159586@N00,36.753576,139.604473,36.757,139.5983,Nikko,,Tochigi,JP,1,1,1,1,0.6688788693354991,4997.760001911279,Nikko,,Tochigi,JP,True,True,True,True,41.25560538116592,64.57399103139014,60.98654708520179,78.02690582959642
nyc_00037_195999660_2dba8fdba9_60_40829484@N00,40.455307,-75.300292,35.4634,-97.5151,Richlandtown,Bucks County,Pennsylvania,US,1,1,1,1,2018.9996510294136,1292.8583957169385,Oklahoma City,Oklahoma County,Oklahoma,US,False,False,False,True,41.517857142857146,64.73214285714286,61.16071428571429,78.125
nyc_00042_220554146_bf077ea42f_66_20871343@N00,40.763874,-73.973243,40.763641,-73.972969,Manhattan,New York County,New York,US,1,1,1,1,0.0346952476827362,4999.883784938467,Manhattan,New York County,New York,US,True,True,True,True,41.333333333333336,64.44444444444444,60.88888888888889,78.22222222222223
nyc_00138_1022905709_ffa667da68_1040_70323761@N00,40.807304,-73.961393,40.8065,-73.9626,Manhattan,New York County,New York,US,1,1,1,1,0.13532369308140926,4999.546735582343,Manhattan,New York County,New York,US,True,True,True,True,41.5929203539823,64.60176991150442,61.06194690265486,78.31858407079646
orlando_00010_295896083_bb881f9d62_110_29251780@N00,29.188135,-81.226387,33.5021,-82.021,De Leon Springs,Volusia County,Florida,US,1,1,1,1,485.5843463354715,3611.531276593714,Augusta,Richmond County,Georgia,US,False,False,False,True,41.85022026431718,64.75770925110133,61.23348017621145,78.41409691629956
pompei_00003_876663807_361e72721c_1145_78841376@N00,40.747586,14.484207,40.7497,14.4869,Pompei,Provincia di Napoli,Campania,IT,1,1,1,1,0.32667975081438433,4998.9058618401805,Pompei,Provincia di Napoli,Campania,IT,True,True,True,True,41.66666666666667,64.47368421052632,60.96491228070175,78.50877192982456
scotland_00043_270016034_22faac0537_95_50994135@N00,56.034122,-4.983844,56.1016,-4.6366,Dunoon,Argyll and Bute,Scotland,GB,1,1,1,1,22.822141690747486,4924.135587645907,Balloch,West Dunbartonshire,Scotland,GB,False,False,True,True,41.92139737991266,64.62882096069869,61.135371179039296,78.60262008733623
scotland_00053_331995269_96230f644d_165_77235581@N00,58.202872,-6.379451,57.4136,-6.1936,Stornoway,Eilean Siar,Scotland,GB,1,1,1,1,88.45083077460512,4712.329231053319,Portree,Highland,Scotland,GB,False,False,True,True,41.73913043478261,64.34782608695652,61.30434782608696,78.69565217391305
seattle_00064_443151803_90c945e87c_191_74223826@N00,47.645127,-122.336257,47.6456,-122.3344,Seattle,King County,Washington,US,1,1,1,1,0.14872560391630252,4999.501848345271,Seattle,King County,Washington,US,True,True,True,True,41.55844155844156,64.06926406926407,61.471861471861466,78.78787878787878
venice_00002_69431815_c01190b915_35_39303693@N00,45.433515,12.346229,45.4342,12.3417,Venice,Provincia di Venezia,Veneto,IT,1,1,1,1,0.36150889741420805,4998.789223805819,Venice,Provincia di Venezia,Veneto,IT,True,True,True,True,41.810344827586206,64.22413793103449,61.63793103448276,78.87931034482759
venice_00016_265350847_0252df858c_118_44972214@N00,32.845269,-117.273988,32.8506,-117.2726,La Jolla,San Diego County,California,US,1,1,1,1,0.6067952744921552,4997.967870444574,La Jolla,San Diego County,California,US,True,True,True,True,42.06008583690987,64.37768240343348,61.80257510729614,78.96995708154506
venice_00026_383980273_f31c681f5d_165_35271748@N00,45.433703,12.339298,45.434121,12.327595,Venice,Provincia di Venezia,Veneto,IT,1,1,1,1,0.9143552931215546,4996.938181464657,Venice,Provincia di Venezia,Veneto,IT,True,True,True,True,42.30769230769231,64.52991452991454,61.965811965811966,79.05982905982906
wales_00004_130253713_3ded2d4456_56_66516604@N00,53.121229,-3.999366,53.1097,-4.0086,Bethesda,Gwynedd,Wales,GB,1,1,1,1,1.422403426334361,4995.237737211553,Bethesda,Gwynedd,Wales,GB,True,True,True,True,42.5531914893617,64.68085106382979,62.12765957446808,79.14893617021276
wales_00019_442821205_59d2f2ee89_168_96019796@N00,51.644335,-2.677059,51.576,-3.2195,Chepstow,Monmouthshire,Wales,GB,1,1,1,1,38.22003107970687,4873.601943575753,Caerphilly,Caerphilly County Borough,Wales,GB,False,False,True,True,42.79661016949153,64.83050847457628,62.28813559322034,79.23728813559322
